name,symbol,industry,sector,previousClose,per,dividendRate,forwardPE,volume,marketCap,priceToSalesTrailing12Months,enterpriseValue,sharesShort,heldPercentInsiders,heldPercentInstitutions',trailingEps,forwardEps,enterpriseToRevenue
3M,MMM,Conglomerates,Industrials,93.26,,6.0,9.700723,883450.0,51887247360.0,1.5697721,64123813888.0,12762313.0,0.00125,0.67402,-2.82,9.69,1.94
A. O. Smith,AOS,Specialty Industrial Machinery,Industrials,66.48,36.527472527472526,1.2,17.341558,207208.0,10047532032.0,2.688303,9835812864.0,3317897.0,0.00843,0.95364,1.82,3.86,2.632
Abbott,ABT,Medical Devices,Healthcare,98.12,33.48805460750853,2.04,21.142859,991040.0,169509961728.0,4.21394,179336331264.0,10607491.0,0.0055,0.76387,2.93,4.62,4.458
AbbVie,ABBV,Drug Manufacturers—General,Healthcare,152.25,31.327160493827158,5.92,13.581227,996517.0,265604710400.0,4.740994,321387364352.0,11931380.0,0.00131,0.71415,4.86,11.08,5.737
Accenture,ACN,Information Technology Services,Technology,300.77,27.92664809656453,4.48,23.018671,804511.0,194026946560.0,3.026387,,7141572.0,0.00135,0.74193,10.77,13.39,
Activision Blizzard,ATVI,Electronic Gaming & Multimedia,Communication Services,93.54,34.38970588235294,0.99,21.47254,3164847.0,73829187584.0,8.480266,64063115264.0,15859107.0,0.00843,0.81167,2.72,4.37,7.359
ADM,ADM,Farm Products,Consumer Defensive,76.04,10.138666666666667,1.8,11.382308,357705.0,40700862464.0,0.4074813,49675722752.0,4756038.0,0.00674,0.81038004,7.5,6.67,0.497
Adobe Inc.,ADBE,Software—Infrastructure,Technology,504.67,45.261883408071746,,28.551476,1082109.0,233600778240.0,12.368991,226356248576.0,4335154.0,0.0029499999,0.86402,11.15,17.97,11.985
ADP,ADP,Staffing & Employment Services,Industrials,243.31,29.6719512195122,5.0,24.123259,249973.0,99977363456.0,5.5505357,101683322880.0,4097106.0,0.0011,0.83041,8.2,10.06,5.645
AES Corporation,AES,Utilities—Diversified,Utilities,14.88,,0.66,8.063492,3596300.0,10205146112.0,0.7878597,38865080320.0,13111044.0,0.0038800002,0.96924,-0.52,1.89,3.0
Aflac,AFL,Insurance—Life,Financial Services,77.67,10.411528150134048,1.68,12.494345,530505.0,45944754176.0,2.419928,50682634240.0,12707842.0,0.09434,0.59828997,7.46,6.19,2.669
Agilent Technologies,A,Diagnostics & Research,Healthcare,112.0,29.319371727748692,0.9,19.733335,304982.0,32910188544.0,4.7054887,34407776256.0,4553025.0,0.003,0.91476,3.82,5.7,4.92
Airbnb,ABNB,Travel Services,Consumer Cyclical,136.47,40.02052785923753,,32.93349,1731989.0,88470339584.0,9.734853,77506347008.0,25636305.0,0.0335,0.6827,3.41,4.21,8.528
Air Products and Chemicals,APD,Specialty Chemicals,Basic Materials,285.12,29.153374233128837,7.0,22.48083,164000.0,63824515072.0,4.9176354,72789458944.0,1761071.0,0.00377,0.85856,9.78,12.78,5.608
Akamai,AKAM,Software—Infrastructure,Technology,107.04,35.56146179401994,,16.686914,247756.0,16253011968.0,4.439387,18611986432.0,9652436.0,0.01811,0.94811,3.01,6.42,5.084
Alaska Air Group,ALK,Airlines,Industrials,36.83,29.943089430894307,,5.61747,355500.0,4745455104.0,0.4588971,6076241920.0,3762626.0,0.00306,0.82249,1.23,6.64,0.588
Albemarle Corporation,ALB,Specialty Chemicals,Basic Materials,172.4,5.183403487672881,1.6,7.4011874,703687.0,20479399936.0,2.1193132,22567514112.0,8484458.0,0.00233,0.89662004,33.26,23.58,2.335
Alexandria Real Estate Equities,ARE,REIT—Office,Real Estate,99.31,29.29498525073746,4.96,26.338583,435519.0,17363359744.0,6.324494,31798784000.0,4000960.0,0.0092400005,0.96529996,3.39,3.81,11.583
Align Technology,ALGN,Medical Devices,Healthcare,307.51,75.00243902439024,,29.760578,68227.0,23687944192.0,6.338449,22214346752.0,1986657.0,0.06493,0.91513,4.1,10.4,5.944
Allegion,ALLE,Security & Protection Services,Industrials,104.26,17.822222222222223,1.8,14.749298,82847.0,9218216960.0,2.5530276,11038444544.0,1875841.0,0.0036300002,0.97903997,5.85,7.12,3.057
Alliant Energy,LNT,Utilities—Regulated Electric,Utilities,48.06,18.413793103448278,1.81,15.742672,406105.0,12213910528.0,2.9198925,21168678912.0,4107994.0,0.0016500001,0.78659,2.61,3.07,5.061
Allstate,ALL,Insurance—Property & Casualty,Financial Services,112.49,,3.56,9.444725,182349.0,29275361280.0,0.5359628,33395431424.0,3449867.0,0.00614,0.80236,-10.34,11.85,0.611
Alphabet Inc. (Class A),GOOGL,Internet Content & Information,Communication Services,132.31,27.62212943632568,,19.73169,9511885.0,1669203361792.0,5.7651973,1579396759552.0,46080635.0,0.0027700001,0.78931,4.79,6.69,5.455
Alphabet Inc. (Class C),GOOG,Internet Content & Information,Communication Services,133.13,27.79331941544885,,20.016567,6574404.0,1670293356544.0,5.768962,1589736112128.0,33797780.0,0.00016000001,0.6221,4.79,6.64,5.491
Altria,MO,Tobacco,Consumer Defensive,42.14,11.089473684210526,3.92,8.156089,1218690.0,75119419392.0,3.6502948,101153062912.0,14483439.0,0.00093999994,0.59538,3.8,5.19,4.915
Amazon,AMZN,Internet Retail,Consumer Cyclical,125.98,104.11570247933885,,40.553967,22868139.0,1318047449088.0,2.4496927,1410146238464.0,80249295.0,0.09718,0.60534,1.21,3.15,2.621
Amcor,AMCR,Packaging & Containers,Consumer Cyclical,9.17,12.91549295774648,0.49,12.286667,1354949.0,13328944128.0,0.90710115,20038518784.0,25977925.0,0.0023100001,0.51106,0.71,0.75,1.364
AMD,AMD,Semiconductors,Technology,102.76,,,24.922892,25428191.0,167108755456.0,7.638908,162601385984.0,30062210.0,0.00477,0.74466,-0.04,4.15,7.433
Ameren,AEE,Utilities—Regulated Electric,Utilities,74.44,17.433255269320846,2.52,15.982942,358862.0,19695738880.0,2.4966078,35688075264.0,3931384.0,0.00429,0.79037005,4.27,4.69,4.524
American Airlines Group,AAL,Airlines,Industrials,12.92,3.2462311557788945,,4.5618377,11214346.0,8434903040.0,0.15946805,38963441664.0,82194796.0,0.01303,0.58465,3.98,2.83,0.737
American Electric Power,AEP,Utilities—Regulated Electric,Utilities,74.67,19.4453125,3.32,13.425,869060.0,38730932224.0,1.9892007,82843099136.0,4670551.0,0.00027000002,0.76582,3.84,5.6,4.255
American Express,AXP,Credit Services,Financial Services,150.23,15.267276422764226,2.4,12.244515,1042696.0,111006466048.0,2.0941062,117650219008.0,6473692.0,0.0014399999,0.86319,9.84,12.31,2.219
American International Group,AIG,Insurance—Diversified,Financial Services,61.28,9.341463414634147,1.44,7.8320513,555128.0,43489972224.0,0.8436464,59086209024.0,6249034.0,0.00319,0.91947,6.56,7.8,1.146
American Tower,AMT,REIT—Specialty,Real Estate,162.32,79.56862745098039,6.48,34.13354,555863.0,76852813824.0,7.0407696,126441971712.0,5176442.0,0.0015,0.92756,2.04,4.83,11.584
American Water Works,AWK,Utilities—Regulated Water,Utilities,123.58,25.692307692307693,2.83,23.892626,636782.0,23906928640.0,5.905862,35994435584.0,3169140.0,0.0019699999,0.89478,4.81,5.14,8.892
Ameriprise Financial,AMP,Asset Management,Financial Services,330.35,15.015909090909092,5.4,10.029766,50653.0,34235006976.0,2.2697744,30429532160.0,787542.0,0.00193,0.85396004,22.0,33.26,2.017
Ametek,AME,Specialty Industrial Machinery,Industrials,148.82,27.868913857677903,1.0,22.23137,156526.0,34415886336.0,5.3601613,36096405504.0,2000509.0,0.00347,0.89087,5.34,6.71,5.622
Amgen,AMGN,Drug Manufacturers—General,Healthcare,270.82,18.249326145552562,8.52,14.172542,470861.0,144113025024.0,5.4214516,172157943808.0,6269239.0,0.0023700001,0.79324996,14.84,19.01,6.476
Amphenol,APH,Electronic Components,Technology,84.08,27.387622149837135,0.84,26.302181,644759.0,50358611968.0,4.0086775,53044649984.0,4907721.0,0.00579,0.95103997,3.07,3.21,4.222
Analog Devices,ADI,Semiconductors,Technology,176.41,24.034059945504087,3.44,20.862394,595192.0,87638474752.0,6.827143,91992367104.0,6384919.0,0.00387,0.90726995,7.34,8.43,7.166
Ansys,ANSS,Software—Application,Technology,297.86,48.99013157894737,,30.939047,130975.0,25993066496.0,11.96364,26255833088.0,1069083.0,0.00339,0.97455,6.08,9.68,12.085
Aon,AON,Insurance Brokers,Financial Services,329.38,25.632684824902725,2.46,20.35532,97314.0,66359824384.0,5.1545615,78085267456.0,1635158.0,0.01191,0.88391,12.85,16.07,6.065
APA Corporation,APA,Oil & Gas E&P,Energy,42.23,8.653688524590164,1.0,7.088889,910114.0,12742279168.0,1.6184783,19498817536.0,7355495.0,0.0044,0.82618,4.88,5.85,2.477
Apple Inc.,AAPL,Consumer Electronics,Technology,170.69,28.639261744966444,0.96,26.104704,16814793.0,2689551302656.0,7.0052624,2715404992512.0,107325921.0,0.00071999995,0.61317,5.96,6.59,7.073
Applied Materials,AMAT,Semiconductor Equipment & Materials,Technology,138.22,18.25891677675033,1.28,17.885897,1317363.0,116704854016.0,4.3968225,115189710848.0,19907106.0,0.00348,0.83889997,7.57,7.8,4.34
Aptiv,APTV,Auto Parts,Consumer Cyclical,99.14,30.225609756097562,,16.099033,267480.0,28275329024.0,1.4671715,33101535232.0,2564344.0,0.00423,0.95413,3.28,6.21,1.718
Arch Capital Group,ACGL,Insurance—Diversified,Financial Services,81.64,13.860780984719865,,11.046448,354076.0,30157060096.0,2.5581093,31007678464.0,5011756.0,0.03168,0.91374,5.89,7.32,2.63
Arista Networks,ANET,Computer Hardware,Technology,184.43,32.87522281639929,,27.297058,584335.0,57464422400.0,10.91934,53406531584.0,3446711.0,0.22663,0.68049,5.61,6.8,10.148
Arthur J. Gallagher & Co.,AJG,Insurance Brokers,Financial Services,230.77,45.072265625,2.2,22.815739,205337.0,49365962752.0,5.5867233,56232718336.0,1789289.0,0.00926,0.85676,5.12,10.04,6.364
Assurant,AIZ,Insurance—Specialty,Financial Services,144.29,22.370542635658914,2.8,10.3792,44191.0,7699161088.0,0.7280531,8098643456.0,853939.0,0.00592,0.96502,6.45,13.99,0.766
AT&T,T,Telecom Services,Communication Services,15.01,,1.11,6.082996,7089396.0,107413725184.0,0.8844858,281538625536.0,117153061.0,0.00089,0.56716,-1.17,2.47,2.318
Atmos Energy,ATO,Utilities—Regulated Gas,Utilities,105.91,18.228915662650603,2.96,16.41963,179713.0,15771860992.0,3.5761077,22275520512.0,4277171.0,0.00389,0.93005997,5.81,6.47,5.051
Autodesk,ADSK,Software—Application,Technology,207.89,50.21497584541063,,24.634434,213741.0,44655296512.0,8.567785,45031321600.0,2627796.0,0.00257,0.9482,4.14,8.48,8.64
AutoZone,AZO,Specialty Retail,Consumer Cyclical,2559.48,19.44598085397356,,15.851541,16376.0,45759635456.0,2.6212456,55681392640.0,379674.0,0.0037099998,0.94871,131.62,161.66,3.19
AvalonBay Communities,AVB,REIT—Residential,Real Estate,171.29,19.202914798206276,6.6,32.268658,121822.0,24563087360.0,9.02127,31899521024.0,2303311.0,0.0038800002,0.94464,8.92,5.36,11.716
Avery Dennison,AVY,Packaging & Containers,Consumer Cyclical,183.54,26.446685878962533,3.24,18.57006,141942.0,14844560384.0,1.7467271,18083074048.0,1634492.0,0.0074400003,0.94771004,6.94,9.92,2.128
Axon Enterprise,AXON,Aerospace & Defense,Industrials,196.08,142.08695652173915,,52.077923,106294.0,14989379584.0,10.976856,14134950912.0,2213143.0,0.061890002,0.81698996,1.38,3.85,10.351
Baker Hughes,BKR,Oil & Gas Equipment & Services,Energy,36.59,31.817391304347833,0.8,17.522167,2235641.0,36162240512.0,1.5517612,39597957120.0,16988813.0,0.0015700001,0.97795,1.15,2.03,1.699
Ball Corporation,BALL,Packaging & Containers,Consumer Cyclical,48.17,19.19123505976096,0.8,15.156536,853279.0,15710417920.0,1.079457,24505372672.0,17105281.0,0.00518,0.90213996,2.51,3.29,1.684
Bank of America,BAC,Banks—Diversified,Financial Services,27.56,7.919540229885057,0.96,8.527693,12591752.0,220233646080.0,2.283563,70177005568.0,59905781.0,0.0011100001,0.70398,3.48,3.25,0.728
"Bath & Body Works, Inc.",BBWI,Specialty Retail,Consumer Cyclical,33.21,10.996688741721854,0.8,9.548883,533346.0,7773019648.0,1.0436385,12412293120.0,8222849.0,0.00459,0.93754995,3.02,3.58,1.667
Baxter International,BAX,Medical Instruments & Supplies,Healthcare,37.54,,1.16,12.314333,681228.0,19144640512.0,1.2610922,34271436800.0,7334781.0,0.0027200002,0.89075994,-5.59,3.07,2.258
Becton Dickinson,BDX,Medical Instruments & Supplies,Healthcare,262.74,47.59782608695653,3.64,19.18893,384061.0,75431239680.0,3.9604766,92074123264.0,2647081.0,0.00352,0.89012,5.52,13.55,4.834
Berkley,WRB,Insurance—Property & Casualty,Financial Services,65.06,14.330396475770925,0.44,11.356514,143323.0,16611520512.0,1.4284418,17255493632.0,2634277.0,0.24635,0.71182,4.54,5.68,1.484
Berkshire Hathaway,BRKB,,,,,,,,,,,,,,,,
Best Buy,BBY,Specialty Retail,Consumer Cyclical,68.9,11.879310344827587,3.68,10.320475,316257.0,15138898944.0,0.34118134,17704269824.0,10643643.0,0.111169994,0.82362,5.8,6.74,0.399
Bio-Rad,BIO,Medical Devices,Healthcare,356.12,,,25.166784,25116.0,10608947200.0,3.83127,9843514368.0,388483.0,0.14511,0.80739,-15.03,14.33,3.555
Bio-Techne,TECH,Biotechnology,Healthcare,68.02,38.64772727272727,0.32,29.577993,267846.0,10952185856.0,9.635055,11009672192.0,3441514.0,0.01054,0.95533997,1.76,2.34,9.686
Biogen,BIIB,Drug Manufacturers—General,Healthcare,257.83,14.081376297105408,,15.155809,129658.0,37401268224.0,3.7508166,37844099072.0,3209337.0,0.00679,0.90871,18.31,17.04,3.795
BlackRock,BLK,Asset Management,Financial Services,645.24,18.833625218914186,20.0,16.183268,119834.0,97759879168.0,5.6332765,101116026880.0,2607577.0,0.01028,0.84982,34.26,40.46,5.827
Blackstone,BX,Asset Management,Financial Services,108.23,65.1987951807229,3.42,18.433277,1292843.0,132773478400.0,19.9489,97452728320.0,21813678.0,0.00452,0.65228,1.66,5.92,14.642
BNY Mellon,BK,Asset Management,Financial Services,42.68,12.264367816091953,1.68,8.46184,586954.0,33674534912.0,1.9817876,-62317563904.0,5926495.0,0.0013600001,0.86447996,3.48,5.11,-3.667
Boeing,BA,Aerospace & Defense,Industrials,190.43,,,42.77009,1726866.0,115579912192.0,1.5702085,153398050816.0,7525309.0,0.00088,0.61121,-7.31,4.48,2.084
Booking Holdings,BKNG,Travel Services,Consumer Cyclical,3104.83,27.026723537604457,,18.11362,49112.0,110560518144.0,5.7163806,110162075648.0,723669.0,0.00151,0.97136,114.88,171.01,5.696
BorgWarner,BWA,Auto Parts,Consumer Cyclical,40.69,10.046913580246914,0.44,9.345183,261977.0,9577641984.0,0.5677995,13397713920.0,7829568.0,0.00543,0.98528,4.05,4.36,0.794
Boston Properties,BXP,REIT—Office,Real Estate,59.2,13.995271867612292,3.92,27.4633,324293.0,9391506432.0,2.9631624,25812436992.0,8151274.0,0.00187,1.03146,4.23,2.18,8.144
Boston Scientific,BSX,Medical Devices,Healthcare,53.37,90.45762711864407,,23.703125,1845882.0,77742768128.0,5.8016987,85573033984.0,11876181.0,0.00266,0.94181997,0.59,2.24,6.386
Bristol Myers Squibb,BMY,Drug Manufacturers—General,Healthcare,58.14,15.462765957446809,2.28,7.4362245,2308662.0,121794527232.0,2.6953444,151996448768.0,36982160.0,0.00074,0.78206,3.76,7.84,3.364
Broadcom Inc.,AVGO,Semiconductors,Technology,832.0,25.576391023670457,18.4,18.152052,388195.0,343432691712.0,9.686712,370681937920.0,6340185.0,0.022669999,0.83579004,32.53,45.84,10.455
Broadridge Financial Solutions,BR,Information Technology Services,Technology,181.0,34.15094339622642,3.2,21.370718,97171.0,21290575872.0,3.5127747,24778752000.0,2088470.0,0.0066299997,0.92029,5.3,8.47,4.088
Brown & Brown,BRO,Insurance Brokers,Financial Services,70.87,27.468992248062015,0.46,24.189003,184069.0,19963518976.0,5.0298615,23509258240.0,1731951.0,0.16582,0.75056,2.58,2.91,5.923
Brown–Forman,BFB,,,,,,,,,,,,,,,,
Bunge Limited,BG,Farm Products,Consumer Defensive,110.61,8.46937212863706,2.65,9.371258,299129.0,16502831104.0,0.2586813,21894553600.0,4398075.0,0.00678,0.89938,13.06,11.69,0.343
C.H. Robinson,CHRW,Integrated Freight & Logistics,Industrials,87.14,19.53811659192825,2.44,20.38785,114906.0,10159769600.0,0.5050661,12033215488.0,12008467.0,0.00986,0.99526,4.46,4.28,0.598
Cadence Design Systems,CDNS,Software—Application,Technology,234.01,72.44891640866872,,40.31453,231045.0,64098955264.0,16.86504,62085201920.0,2709940.0,0.00926,0.92181,3.23,5.85,16.335
Caesars Entertainment,CZR,Resorts & Casinos,Consumer Cyclical,46.78,14.71069182389937,,21.925926,719317.0,10196134912.0,0.89306605,34958581760.0,7110667.0,0.00566,0.94708,3.18,2.16,3.062
Camden Property Trust,CPT,REIT—Residential,Real Estate,94.62,50.329787234042556,4.0,49.6875,73112.0,10185953280.0,6.7149534,14032392192.0,1790510.0,0.01143,0.99412,1.88,1.92,9.251
Campbell Soup Company,CPB,Packaged Foods,Consumer Defensive,41.26,14.47719298245614,1.48,12.6898155,567606.0,12250008576.0,1.3091812,17222193152.0,12279170.0,0.36118,0.53345,2.85,3.24,1.841
Capital One,COF,Credit Services,Financial Services,97.01,7.388423457730388,2.4,7.293027,379694.0,37499461632.0,1.4209725,53488963584.0,8617567.0,0.010779999,0.91196996,13.13,13.48,2.027
Cardinal Health,CAH,Medical Distribution,Healthcare,87.8,87.8,2.0,11.533685,391983.0,21509167104.0,0.10491663,23236845568.0,8142785.0,0.00397,0.90643,1.0,7.57,0.113
CarMax,KMX,Auto & Truck Dealerships,Consumer Cyclical,69.01,26.852140077821016,,19.49729,2324531.0,11414505472.0,,10909883392.0,18074021.0,0.00329,1.1017,2.57,3.69,
Carnival,CCL,Travel Services,Consumer Cyclical,14.44,,,15.076813,43552512.0,17919150080.0,1.0246542,46299332608.0,112584477.0,0.080010004,0.51993,-2.73,0.91,2.647
Carrier Global,CARR,Building Products & Equipment,Industrials,55.94,22.198412698412696,0.74,19.46993,969551.0,46642479104.0,2.1375043,53240905728.0,27679817.0,0.0011100001,0.89327,2.52,2.86,2.44
Catalent,CTLT,Drug Manufacturers—Specialty & Generic,Healthcare,45.71,,,26.274286,208479.0,8288906240.0,1.938472,12842510336.0,10299556.0,0.00387,1.06314,-1.29,1.75,3.003
Caterpillar Inc.,CAT,,,276.24,,,13.126256,619247.0,141721485312.0,,,,,,,,
Cboe Global Markets,CBOE,Financial Data & Stock Exchanges,Financial Services,156.4,25.723684210526315,2.2,20.453716,173675.0,16553507840.0,4.2508106,17729036288.0,2549419.0,0.00456,0.85688,6.08,7.67,4.553
CBRE Group,CBRE,Real Estate Services,Real Estate,73.3,27.97709923664122,,14.086956,366264.0,23089127424.0,0.74831045,27290054656.0,8110168.0,0.00546,0.99477,2.62,5.29,0.884
CDW,CDW,Information Technology Services,Technology,202.88,25.778907242693773,2.36,19.062088,235599.0,27162146816.0,1.2135168,33190842368.0,2043529.0,0.00252,0.96273005,7.87,10.63,1.483
Celanese,CE,Chemicals,Basic Materials,126.39,10.858247422680412,2.8,10.288988,118165.0,13932512256.0,1.3530653,27757832192.0,7042865.0,0.00364,0.9764,11.64,12.44,2.696
Cencora,COR,Medical Distribution,Healthcare,182.86,22.272838002436053,1.94,14.13852,195972.0,36491153408.0,0.14342584,42168107008.0,4900452.0,0.16684,0.78918,8.21,12.85,0.166
Centene Corporation,CNC,Healthcare Plans,Healthcare,69.26,14.251028806584362,,10.345523,764580.0,37532614656.0,0.2714385,39589847040.0,6273091.0,0.0064700004,0.97175,4.86,6.7,0.286
CenterPoint Energy,CNP,Utilities—Regulated Electric,Utilities,26.7,23.628318584070797,0.76,16.617285,889219.0,17277849600.0,1.8642479,33879615488.0,13777017.0,0.0017499999,0.92362,1.13,1.62,3.656
Ceridian,CDAY,Software—Application,Technology,67.68,,,42.207317,248931.0,10771531776.0,7.7593517,11294557184.0,10859029.0,0.011030001,1.05818,-0.09,1.64,8.136
CF Industries,CF,Agricultural Inputs,Basic Materials,85.97,6.866613418530352,1.6,12.688597,503040.0,16745957376.0,1.9212892,19328706560.0,3895682.0,0.00438,0.94393,12.52,6.84,2.218
Charles River Laboratories,CRL,Diagnostics & Research,Healthcare,195.31,20.888770053475938,,17.351755,62492.0,10141995008.0,2.427296,12900879360.0,1540361.0,0.00983,1.01753,9.35,11.4,3.088
Charles Schwab Corporation,SCHW,Capital Markets,Financial Services,54.55,15.857558139534882,1.0,13.448068,1917529.0,101390295040.0,4.871021,110373732352.0,21477668.0,0.06336,0.84453005,3.44,4.14,5.303
Charter Communications,CHTR,Telecom Services,Communication Services,444.48,15.149284253578733,,11.4248705,178070.0,66004914176.0,1.2102998,167877738496.0,8420479.0,0.33923,0.69469,29.34,38.6,3.078
Chevron Corporation,CVX,Oil & Gas Integrated,Energy,170.59,10.824238578680204,6.04,11.618294,2284832.0,322250866688.0,1.5011313,331410374656.0,17258436.0,0.00035999998,0.72579,15.76,14.54,1.544
Chipotle Mexican Grill,CMG,Restaurants,Consumer Cyclical,1838.73,46.91834651696862,,35.094887,66908.0,50916777984.0,5.484266,53258153984.0,652816.0,0.00588,0.93883,39.19,52.59,5.736
Chubb Limited,CB,Insurance—Property & Casualty,Financial Services,212.27,15.129722024233786,3.44,10.174272,300802.0,86085951488.0,1.8513108,99211714560.0,1913897.0,0.00262,0.90018,14.03,20.6,2.134
Church & Dwight,CHD,Household & Personal Products,Consumer Defensive,91.89,50.76795580110497,1.09,26.833818,160483.0,22646167552.0,4.017201,24805941248.0,3952953.0,0.0018600001,0.85098,1.81,3.43,4.4
Cigna,CI,Healthcare Plans,Healthcare,290.32,13.29912963811269,4.92,10.184937,271772.0,85251121152.0,0.4582876,108389949440.0,3242959.0,0.01555,0.8937,21.83,28.28,0.583
Cincinnati Financial,CINF,Insurance—Property & Casualty,Financial Services,103.7,12.18566392479436,3.0,16.943443,81341.0,16211852288.0,1.7311107,16541840384.0,1182342.0,0.01577,0.67861,8.51,6.1,1.766
Cintas,CTAS,Specialty Business Services,Industrials,483.89,36.35537190082644,5.4,30.426601,95714.0,49434595328.0,5.497837,51895910400.0,1118091.0,0.15071,0.66330004,13.31,15.94,5.772
Cisco,CSCO,Communication Equipment,Technology,53.88,17.550488599348537,1.56,12.728132,3136786.0,218313670656.0,3.830199,196849549312.0,62333094.0,0.0008,0.77446,3.07,4.23,3.454
Citigroup,C,Banks—Diversified,Financial Services,41.2,6.529318541996831,2.06,7.020305,5386416.0,79897296896.0,1.1284292,-306760056832.0,26697113.0,0.00196,0.72576,6.31,5.91,-4.333
Citizens Financial Group,CFG,Banks—Regional,Financial Services,26.35,5.934684684684685,1.68,7.3158603,1194382.0,12853481472.0,1.6413589,19357958144.0,28747353.0,0.00504,0.94795996,4.44,3.72,2.472
Clorox,CLX,Household & Personal Products,Consumer Defensive,128.62,108.08403361344538,4.76,19.745789,318133.0,16168173568.0,2.1881409,18903148544.0,3862497.0,0.0036300002,0.82308996,1.19,6.53,2.558
CME Group,CME,Financial Data & Stock Exchanges,Financial Services,201.66,24.622710622710624,4.4,21.729437,249264.0,72230404096.0,13.8173895,74469851136.0,3540232.0,0.00455,0.88485,8.19,9.24,14.246
CMS Energy,CMS,Utilities—Regulated Electric,Utilities,52.7,21.080000000000002,1.95,15.934329,496078.0,15572387840.0,1.9128348,31271239680.0,7018590.0,0.00433,0.94537,2.5,3.35,3.841
Coca-Cola Company (The),KO,Beverages—Non-Alcoholic,Consumer Defensive,55.81,23.157676348547717,1.84,19.852839,2951328.0,242098192384.0,5.4847803,270381678592.0,23146809.0,0.00666,0.71533996,2.41,2.82,6.126
Cognizant,CTSH,Information Technology Services,Technology,67.84,15.850467289719626,1.16,14.566239,495319.0,34428645376.0,1.7752213,34052040704.0,8002415.0,0.00232,0.94601,4.28,4.68,1.756
Colgate-Palmolive,CL,Household & Personal Products,Consumer Defensive,71.31,39.837988826815646,1.92,20.614883,633515.0,58965872640.0,3.1573071,67018432512.0,9035510.0,0.00089,0.83044,1.79,3.46,3.588
Comcast,CMCSA,Telecom Services,Communication Services,44.86,28.21383647798742,1.16,10.592858,3040738.0,183527047168.0,1.5217074,281374457856.0,40729970.0,0.0074299998,0.87896,1.59,4.2,2.333
Comerica,CMA,Banks—Regional,Financial Services,40.81,4.259916492693111,2.84,6.7636223,461255.0,5561648640.0,1.46552,12623800320.0,8568650.0,0.0054900004,0.8489,9.58,6.24,3.326
Conagra Brands,CAG,Packaged Foods,Consumer Defensive,27.44,19.323943661971832,1.4,9.797153,1200064.0,13155679232.0,1.0715711,22582444032.0,12771576.0,0.0051599997,0.88335997,1.42,2.81,1.839
ConocoPhillips,COP,Oil & Gas E&P,Energy,122.72,11.81135707410972,2.4,11.878313,1218766.0,145381146624.0,2.113866,156585050112.0,12898721.0,0.00154,0.81597,10.39,10.19,2.277
Consolidated Edison,ED,Utilities—Regulated Electric,Utilities,85.49,12.265423242467719,3.24,16.380497,257338.0,29549637632.0,1.9012765,51760730112.0,6120735.0,0.0013,0.69789004,6.97,5.23,3.33
Constellation Brands,STZ,Beverages—Wineries & Distilleries,Consumer Defensive,251.61,,3.56,18.879671,140683.0,46309474304.0,4.821744,58936102912.0,1338520.0,0.12441,0.77392995,-1.44,13.38,6.136
Constellation Energy,CEG,Utilities—Renewable,Utilities,109.32,45.3609958506224,1.13,17.685991,532546.0,35320451072.0,1.3381493,41964400640.0,6928677.0,0.00171,0.85242,2.41,6.21,1.59
CooperCompanies,COO,Medical Instruments & Supplies,Healthcare,319.37,57.752260397830014,0.06,22.793226,55728.0,15995294720.0,4.5516176,18293727232.0,699621.0,0.0055400003,1.03354,5.53,14.17,5.206
Copart,CPRT,Specialty Business Services,Industrials,43.43,34.46825396825397,,27.339622,609464.0,41731203072.0,10.784599,38902497280.0,8301642.0,0.09483,0.82579005,1.26,1.59,10.054
Corning Inc.,GLW,Electronic Components,Technology,30.32,40.972972972972975,1.12,13.145923,980539.0,26126837760.0,1.9622108,33176412160.0,7858287.0,0.0033000002,0.70249003,0.74,2.33,2.492
Corteva,CTVA,Agricultural Inputs,Basic Materials,50.91,32.42675159235669,0.64,15.59091,508189.0,36517355520.0,2.083016,39072083968.0,7136114.0,0.00149,0.82915,1.57,3.3,2.229
CoStar Group,CSGP,Real Estate Services,Real Estate,76.81,80.85263157894738,,53.324135,232782.0,31572615168.0,13.60573,27257751552.0,6079582.0,0.0108,0.98,0.95,1.45,11.746
Costco,COST,Discount Stores,Consumer Defensive,568.63,42.49850523168909,4.08,33.291203,469729.0,254112153600.0,1.0792984,240344383488.0,4128388.0,0.002,0.7055,13.38,17.05,1.021
Coterra,CTRA,Oil & Gas E&P,Energy,27.53,6.934508816120907,0.8,9.925454,1296094.0,20608980992.0,2.6820643,21615898624.0,26716314.0,0.019299999,0.95841,3.97,2.75,2.813
Crown Castle,CCI,REIT—Specialty,Real Estate,92.08,23.43002544529262,6.26,28.956251,973429.0,40184696832.0,5.6202374,68167118848.0,5236291.0,0.00348,0.92638,3.93,3.2,9.534
CSX,CSX,Railroads,Industrials,30.57,15.43939393939394,0.44,15.398515,3224212.0,62406893568.0,4.1521554,78815510528.0,17851774.0,0.0029499999,0.78473,1.98,2.02,5.244
Cummins,CMI,Specialty Industrial Machinery,Industrials,231.31,12.944040290990486,6.72,11.715887,160040.0,32592977920.0,1.0123929,39635759104.0,1777541.0,0.00418,0.876,17.87,19.64,1.231
CVS Health,CVS,Healthcare Plans,Healthcare,70.03,32.72429906542056,2.42,8.169767,1449432.0,92246466560.0,0.2728604,155150352384.0,16100233.0,0.00179,0.79853994,2.14,8.6,0.459
D.R. Horton,DHI,Residential Construction,Consumer Cyclical,108.92,7.7523131672597865,1.0,7.8,582461.0,36678160384.0,1.0601912,39669116928.0,7576835.0,0.10858,0.87911004,14.05,13.9,1.147
Danaher Corporation,DHR,Diagnostics & Research,Healthcare,247.19,28.978898007034,1.08,25.701838,902392.0,183887151104.0,6.057687,194921267200.0,6313572.0,0.10764,0.79287004,8.53,9.69,6.421
Darden Restaurants,DRI,Restaurants,Consumer Cyclical,143.1,17.79850746268657,5.04,14.903209,178421.0,17401481216.0,1.6153915,23789324288.0,5343872.0,0.00319,0.94728994,8.04,9.66,2.208
DaVita Inc.,DVA,Medical Care Facilities,Healthcare,96.3,19.33734939759036,,12.402563,93179.0,8832361472.0,0.75241715,21542649856.0,3332173.0,0.03234,0.90032,4.98,7.8,1.835
John Deere,DE,Farm & Heavy Construction Machinery,Industrials,384.73,11.399407407407407,5.4,11.498484,768036.0,109248856064.0,1.7804282,168702902272.0,2380174.0,0.0018799999,0.78843004,33.75,32.99,2.749
Delta Air Lines,DAL,Airlines,Industrials,36.95,7.929184549356224,0.4,5.123626,2070630.0,23999490048.0,0.43051502,46087790592.0,13815526.0,0.0033500001,0.69869006,4.66,7.28,0.827
Dentsply Sirona,XRAY,Medical Instruments & Supplies,Healthcare,34.13,,0.56,15.013043,192006.0,7310553088.0,1.857356,9205867520.0,5535418.0,0.00504,1.03627,-4.76,2.3,2.339
Devon Energy,DVN,Oil & Gas E&P,Energy,48.81,6.668032786885246,3.45,7.255639,2612563.0,30913775616.0,1.9293375,37765566464.0,13007342.0,0.00644,0.73917997,7.32,6.65,2.357
Dexcom,DXCM,Medical Devices,Healthcare,95.46,107.25842696629212,,59.06832,1697068.0,36886626304.0,11.535723,34108598272.0,16031012.0,0.0039,1.00654,0.89,1.61,10.667
Diamondback Energy,FANG,Oil & Gas E&P,Energy,157.14,8.146189735614307,6.88,7.515225,296310.0,27804411904.0,3.5555513,34744946688.0,8238379.0,0.00559,0.92405,19.29,20.69,4.443
Digital Realty,DLR,REIT—Specialty,Real Estate,118.54,93.33858267716536,4.88,93.753845,718953.0,37684318208.0,7.374955,57595719680.0,16480428.0,0.00158,1.0371,1.27,1.3,11.272
Discover Financial,DFS,Credit Services,Financial Services,86.33,5.966136834830683,2.6,6.733077,341817.0,21877948416.0,2.0276134,34033565696.0,4346742.0,0.0074400003,0.88548,14.47,13.0,3.154
Disney,DIS,Entertainment,Communication Services,80.13,66.22314049586777,,16.474543,4547754.0,148010893312.0,1.6856389,195536797696.0,19462808.0,0.00058,0.65004,1.21,4.91,2.227
Dollar General,DG,Discount Stores,Consumer Defensive,105.37,10.79610655737705,2.36,12.68284,1328629.0,23521243136.0,0.6061112,40583000064.0,4619356.0,0.00482,0.92697,9.76,8.45,1.046
Dollar Tree,DLTR,Discount Stores,Consumer Defensive,106.84,19.07857142857143,,15.095909,411112.0,23547242496.0,0.8033942,33235189760.0,6141631.0,0.0025799999,1.03221,5.6,7.09,1.134
Dominion Energy,D,Utilities—Regulated Electric,Utilities,44.14,16.348148148148148,2.67,12.689459,1812696.0,37269868544.0,2.031609,87428153344.0,7456029.0,0.0013799999,0.72102,2.7,3.51,4.766
Domino's,DPZ,Restaurants,Consumer Cyclical,382.31,28.897203325774754,4.84,24.255564,113495.0,13389879296.0,2.9690285,18566610944.0,1670472.0,0.0055,0.96612,13.23,15.73,4.117
Dover Corporation,DOV,Specialty Industrial Machinery,Industrials,140.69,19.540277777777778,2.04,14.404713,110134.0,19664885760.0,2.3199077,22815819776.0,1991451.0,0.00484,0.95352995,7.2,9.76,2.692
Dow Inc.,DOW,Chemicals,Basic Materials,50.93,20.787755102040816,2.8,13.427084,670473.0,36250550272.0,0.73612654,48666202112.0,11874572.0,0.00125,0.65708,2.45,3.84,0.988
DTE Energy,DTE,Utilities—Regulated Electric,Utilities,98.63,15.339035769828927,3.81,14.887388,247683.0,20442351616.0,1.262653,40571891712.0,2830889.0,0.00786,0.75684,6.43,6.66,2.506
Duke Energy,DUK,Utilities—Regulated Electric,Utilities,88.68,18.98929336188437,4.04,14.80602,1032425.0,68238483456.0,2.386128,151362338816.0,9468624.0,0.00118,0.65083003,4.67,5.98,5.293
DuPont,DD,Specialty Chemicals,Basic Materials,74.54,36.71921182266011,1.44,15.234818,465193.0,34548932608.0,2.756637,38363406336.0,11927643.0,0.00236,0.77922994,2.03,4.94,3.061
DXC Technology,DXC,Information Technology Services,Technology,20.47,,,5.3396945,694095.0,4305576448.0,0.303873,8397987840.0,10779951.0,0.00986,0.97905,-2.72,3.93,0.593
Eastman Chemical Company,EMN,Specialty Chemicals,Basic Materials,76.89,12.988175675675675,3.16,9.346619,109102.0,9175049216.0,0.93451303,14284844032.0,1482908.0,0.0069,0.8571,5.92,8.28,1.455
Eaton Corporation,ETN,Specialty Industrial Machinery,Industrials,215.53,31.836041358936487,3.44,22.046059,270732.0,85940609024.0,3.8980634,94484471808.0,4387503.0,0.00266,0.85249,6.77,9.77,4.286
eBay,EBAY,Internet Retail,Consumer Cyclical,43.65,18.112033195020746,1.0,9.964126,925841.0,23649056768.0,2.379181,24315670528.0,17292866.0,0.00232,0.91231,2.41,4.46,2.446
Ecolab,ECL,Specialty Chemicals,Basic Materials,169.27,41.18491484184915,2.12,28.146866,246860.0,48618250240.0,3.2929823,56385245184.0,1818063.0,0.00153,0.90546,4.11,6.06,3.819
Edison International,EIX,Utilities—Regulated Electric,Utilities,63.59,25.641129032258068,2.95,12.345029,429441.0,24273692672.0,1.4133978,62768332800.0,6711074.0,0.00098,0.93566,2.48,5.13,3.655
Edwards Lifesciences,EW,Medical Devices,Healthcare,69.96,31.09333333333333,,24.239582,899580.0,42438615040.0,7.5018325,41775824896.0,12697450.0,0.00851,0.85593003,2.25,2.88,7.385
Electronic Arts,EA,Electronic Gaming & Multimedia,Communication Services,119.18,36.335365853658544,0.76,15.746074,417074.0,32590714880.0,4.2978654,31902251008.0,3808058.0,0.00302,0.95671,3.28,7.64,4.207
Elevance Health,ELV,Healthcare Plans,Healthcare,447.28,16.639880952380953,5.92,11.969604,229356.0,104390885376.0,0.6299385,93242548224.0,1945408.0,0.00217,0.92336,26.88,37.01,0.563
Eli Lilly and Company,LLY,Drug Manufacturers—General,Healthcare,544.45,75.61805555555556,4.52,42.570522,621946.0,509999218688.0,17.27903,505718964224.0,6267421.0,0.00153,0.83985,7.2,12.62,17.134
Emerson Electric,EMR,Specialty Industrial Machinery,Industrials,97.01,17.44784172661871,2.08,19.39,439861.0,55517741056.0,2.670149,61962002432.0,6960232.0,0.00302,0.76589996,5.56,5.01,2.98
Enphase,ENPH,Solar,Technology,120.02,31.66754617414248,,18.65997,1230733.0,16462140416.0,5.8866963,15716674560.0,11902764.0,0.02548,0.79403,3.79,6.47,5.62
Entergy,ETR,Utilities—Regulated Electric,Utilities,92.29,14.090076335877864,4.28,12.894298,279114.0,19604084736.0,1.471977,46152892416.0,2220064.0,0.00391,0.895,6.55,7.19,3.465
EOG Resources,EOG,Oil & Gas E&P,Energy,129.47,8.523370638578012,3.3,9.860447,776724.0,74465361920.0,2.952046,74968285184.0,7630196.0,0.00476,0.91207004,15.19,12.97,2.972
EPAM Systems,EPAM,Information Technology Services,Technology,259.85,29.328442437923254,,23.653908,83699.0,15080993792.0,3.1163132,13217453056.0,1366754.0,0.03223,0.93478996,8.86,11.0,2.731
EQT,EQT,Oil & Gas E&P,Energy,40.44,4.488346281908989,0.6,9.444186,1033111.0,16701147136.0,1.8876523,17820577792.0,25085231.0,0.00798,1.04764,9.01,4.3,2.014
Equifax,EFX,Consulting Services,Industrials,183.0,42.95774647887324,1.56,20.993189,133954.0,22697064448.0,4.4839907,27982876672.0,3208343.0,0.00425,1.00737,4.26,8.81,5.528
Equinix,EQIX,REIT—Specialty,Real Estate,720.97,83.34913294797688,13.64,69.49572,113646.0,68339802112.0,9.507216,82318024704.0,1635476.0,0.0030500002,0.96975,8.65,10.51,11.452
Equity Residential,EQR,REIT—Residential,Real Estate,58.77,27.59154929577465,2.65,35.252975,226381.0,22448168960.0,7.968258,30592092160.0,5652867.0,0.01715,0.92591006,2.13,1.68,10.859
Essex Property Trust,ESS,REIT—Residential,Real Estate,210.75,25.63868613138686,9.24,35.44426,60119.0,14153773056.0,8.376193,19673430016.0,1119238.0,0.01197,0.98262,8.22,6.01,11.643
Estée Lauder Companies (The),EL,Household & Personal Products,Consumer Defensive,141.95,50.69642857142857,2.64,26.205936,733831.0,52117368832.0,3.2757618,57896210432.0,3151994.0,0.005,0.92614,2.8,5.56,3.639
Etsy,ETSY,Internet Retail,Consumer Cyclical,63.75,,,23.183746,966708.0,8070948864.0,3.021172,8923064320.0,10270247.0,0.008,1.01544,-5.46,2.83,3.34
Everest Re,EG,Insurance—Reinsurance,Financial Services,381.49,12.611239669421488,7.0,6.368929,47073.0,16334511104.0,1.22311,15901031424.0,407002.0,0.01421,0.86944,30.25,59.09,1.191
Evergy,EVRG,Utilities—Regulated Electric,Utilities,50.42,15.325227963525837,2.45,12.954198,466653.0,11694129152.0,2.0025222,24470583296.0,2214953.0,0.00202,0.86477995,3.29,3.93,4.19
Eversource,ES,Utilities—Regulated Electric,Utilities,57.36,17.020771513353115,2.7,12.568966,910161.0,20358696960.0,1.6067958,44959027200.0,3872376.0,0.00402,0.83466005,3.37,4.64,3.548
Exelon,EXC,Utilities—Regulated Electric,Utilities,37.88,18.1244019138756,1.44,15.12,2275585.0,37619277824.0,1.8911762,79922905088.0,14698506.0,0.00215,0.85191,2.09,2.5,4.018
Expedia Group,EXPE,Travel Services,Consumer Cyclical,102.58,17.933566433566433,,8.927711,453554.0,14872683520.0,1.2131064,16411343872.0,7641343.0,0.00504,0.97149,5.72,11.62,1.339
Expeditors International,EXPD,Integrated Freight & Logistics,Industrials,114.4,17.125748502994014,1.38,22.695099,107712.0,17169613824.0,1.358784,15640369152.0,7294525.0,0.0069,1.01969,6.68,5.1,1.238
Extra Space Storage,EXR,REIT—Industrial,Real Estate,120.82,19.709624796084828,2.44,20.913942,186603.0,26548842496.0,12.851877,33925257216.0,6310442.0,0.01049,0.63102,6.13,5.81,16.423
ExxonMobil,XOM,Oil & Gas Integrated,Energy,119.47,9.5576,3.64,12.8137245,5750707.0,468932001792.0,1.2743514,498180456448.0,44588193.0,0.00061,0.60717,12.5,9.18,1.354
"F5, Inc.",FFIV,Software—Infrastructure,Technology,161.27,29.975836431226767,,12.786508,46232.0,9554853888.0,3.4048743,8830297088.0,1464171.0,0.00519,0.99504995,5.38,12.6,3.147
FactSet,FDS,Financial Data & Stock Exchanges,Financial Services,441.86,36.760399334442596,3.74,24.732212,59846.0,16840402944.0,8.074965,18213597184.0,1077292.0,0.00115,0.90366,12.02,17.85,8.733
Fair Isaac,FICO,Software—Application,Technology,886.84,55.01488833746898,,36.859413,37286.0,21897701376.0,14.870378,23822768128.0,562650.0,0.02033,0.91289,16.12,23.9,16.178
Fastenal,FAST,Industrial Distribution,Industrials,55.65,28.392857142857142,1.4,26.023586,648869.0,31520440320.0,4.353532,31832395776.0,15160644.0,0.00171,0.8145,1.96,2.12,4.397
Federal Realty,FRT,REIT—Retail,Real Estate,91.18,19.400000000000002,4.36,31.660898,65556.0,7517667840.0,6.7629743,12259555328.0,2030342.0,0.01011,0.96723,4.7,2.89,11.029
FedEx,FDX,Integrated Freight & Logistics,Industrials,266.44,16.25625381330079,4.82,11.986099,708291.0,67202052096.0,0.75853956,98149466112.0,2429016.0,0.07941,0.75313,16.39,22.3,1.108
Fifth Third Bank,FITB,Banks—Regional,Financial Services,25.03,7.151428571428572,1.4,8.099683,972779.0,17427353600.0,2.122957,34529644544.0,12383705.0,0.00497,0.7988,3.5,3.16,4.206
First Solar,FSLR,Solar,Technology,161.5,112.93706293706295,,12.209057,429189.0,17585047552.0,5.88073,15543867392.0,3459557.0,0.052529998,0.85462,1.43,13.25,5.198
FirstEnergy,FE,Utilities—Regulated Electric,Utilities,34.57,44.32051282051282,1.64,12.833955,814338.0,20103018496.0,1.5831641,44119138304.0,10683029.0,0.00098,0.87315005,0.78,2.68,3.474
FIS,FIS,Information Technology Services,Technology,55.82,,2.03,8.72763,990754.0,32938094592.0,2.2600586,50614423552.0,8728338.0,0.00322,0.92457,-39.24,6.37,3.473
Fiserv,FI,Information Technology Services,Technology,113.55,28.966836734693878,,13.308324,682604.0,69203492864.0,3.7504601,92346769408.0,6374199.0,0.0054900004,0.92766,3.92,8.53,5.005
Fleetcor,FLT,Software—Infrastructure,Technology,258.53,21.104489795918365,,13.285642,83670.0,19091363840.0,5.264961,24595308544.0,1208283.0,0.03061,0.95788,12.25,19.43,6.783
FMC Corporation,FMC,Agricultural Inputs,Basic Materials,65.91,11.50261780104712,2.32,9.303745,477693.0,8379834880.0,1.5639856,12135286784.0,4312148.0,0.0075700004,0.91852,5.73,7.21,2.265
Ford Motor Company,F,Auto Manufacturers,Consumer Cyclical,12.56,12.194174757281553,0.6,6.6904764,21545252.0,50608201728.0,0.2980126,165292949504.0,144014280.0,0.0018799999,0.56184,1.03,1.89,0.973
Fortinet,FTNT,Software—Infrastructure,Technology,58.6,43.407407407407405,,33.55682,1201822.0,46382006272.0,9.299464,43771543552.0,8677529.0,0.1702,0.70348,1.35,1.76,8.776
Fortive,FTV,Scientific & Technical Instruments,Technology,74.37,33.200892857142854,0.28,20.122313,277796.0,26350757888.0,4.4116454,28617353216.0,4714731.0,0.00226,0.97133005,2.24,3.72,4.791
Fox Corporation (Class A),FOXA,Entertainment,Communication Services,31.14,13.251063829787233,0.52,8.218587,375785.0,14709782528.0,0.9863731,19450712064.0,16292625.0,0.01845,1.12033,2.35,3.82,1.304
Fox Corporation (Class B),FOX,Entertainment,Communication Services,28.86,12.280851063829786,0.52,12.397873,152514.0,14729345024.0,0.9876849,18335186944.0,2119876.0,0.44070998,0.54784,2.35,2.35,1.229
Franklin Templeton,BEN,Asset Management,Financial Services,24.46,15.2875,1.2,9.547894,483565.0,12434531328.0,1.5937008,13971097600.0,13022503.0,0.43047002,0.48271,1.6,2.61,1.791
Freeport-McMoRan,FCX,Copper,Basic Materials,37.33,25.39455782312925,0.6,17.701878,3777314.0,54055395328.0,2.469749,66154618880.0,15276134.0,0.00567,0.80961996,1.47,2.13,3.023
Garmin,GRMN,Scientific & Technical Instruments,Technology,105.15,20.338491295938105,2.92,18.540493,96924.0,20161810432.0,4.1020904,18594357248.0,3311133.0,0.19916001,0.55257,5.17,5.68,3.783
Gartner,IT,Information Technology Services,Technology,346.42,30.1496953872933,,30.708221,118308.0,27376779264.0,4.762306,29246205952.0,1223286.0,0.03167,0.93737,11.49,11.31,5.088
GE HealthCare,GEHC,Health Information Services,Healthcare,69.78,19.329639889196677,0.12,16.00464,779557.0,31374727168.0,1.6480055,40631611392.0,14202030.0,0.00074,0.77411,3.61,4.31,2.134
Gen Digital,GEN,Software—Infrastructure,Technology,17.8,8.39622641509434,0.5,7.466666,655856.0,11458746368.0,3.2034516,20370016256.0,14819179.0,0.088599995,0.85929,2.12,2.4,5.695
Generac,GNRC,Specialty Industrial Machinery,Industrials,108.98,43.07509881422926,,15.165753,286199.0,6890877952.0,1.7116706,8338378240.0,4428245.0,0.016280001,0.90533996,2.53,7.3,2.071
General Dynamics,GD,Aerospace & Defense,Industrials,222.39,18.25862068965517,5.28,14.931635,126405.0,60828520448.0,1.4887422,70944210944.0,2254644.0,0.00483,0.87305,12.18,14.92,1.736
General Electric,GE,Specialty Industrial Machinery,Industrials,112.34,12.002136752136753,0.32,25.70439,1091275.0,121136701440.0,1.4966605,125773406208.0,12314202.0,0.00196,0.76454,9.36,4.33,1.554
General Mills,GIS,Packaged Foods,Consumer Defensive,64.11,15.63658536585366,2.36,13.636943,1132066.0,37335552000.0,1.8408854,49310310400.0,13320669.0,0.00226,0.79121,4.1,4.71,2.431
General Motors,GM,Auto Manufacturers,Consumer Cyclical,33.16,4.631284916201117,0.36,4.7574887,5143981.0,45886595072.0,0.27035213,143433023488.0,33991402.0,0.00199,0.83945,7.16,7.01,0.845
Genuine Parts Company,GPC,Specialty Retail,Consumer Cyclical,143.26,16.755555555555553,3.8,14.530499,267596.0,20406341632.0,0.8919227,23869935616.0,2505572.0,0.00365,0.80417,8.55,10.0,1.043
Gilead Sciences,GILD,Drug Manufacturers—General,Healthcare,75.42,17.33793103448276,3.0,10.411035,732307.0,94048837632.0,3.4346957,112058400768.0,18334509.0,0.001,0.86845,4.35,7.25,4.092
Globe Life,GL,Insurance—Life,Financial Services,110.34,14.991847826086957,0.9,9.721977,53640.0,10444389376.0,1.9825197,12372613120.0,776164.0,0.0219,0.85243,7.36,11.33,2.349
Global Payments,GPN,Specialty Business Services,Industrials,116.1,39.624573378839585,1.0,9.8637905,304075.0,30312699904.0,3.2653039,46598287360.0,6039464.0,0.01149,0.88556,2.93,11.82,5.02
Goldman Sachs,GS,Capital Markets,Financial Services,325.2,13.83241173968524,11.0,9.041851,303685.0,107548573696.0,2.457916,-206144290816.0,3770955.0,0.0054900004,0.71412003,23.51,36.08,-4.711
Halliburton,HAL,Oil & Gas Equipment & Services,Energy,41.79,15.420664206642066,0.64,11.82653,2699383.0,36449517568.0,1.6261942,44555247616.0,20897752.0,0.00379,0.86789,2.71,3.43,1.988
Hartford (The),HIG,Insurance—Diversified,Financial Services,72.12,11.61352657004831,1.7,7.4656243,227295.0,21917902848.0,0.9296307,23365490688.0,3038125.0,0.0039,0.94298,6.21,9.6,0.991
Hasbro,HAS,Leisure,Consumer Cyclical,65.58,,2.8,13.184524,203592.0,9219338240.0,1.6565455,12981226496.0,8756392.0,0.06033,0.87374,-1.84,5.04,2.332
HCA Healthcare,HCA,Medical Care Facilities,Healthcare,250.65,12.377777777777778,2.4,12.125123,349028.0,67210956800.0,1.0854483,110714789888.0,2517569.0,0.26185,0.64199996,20.25,20.38,1.788
Healthpeak,PEAK,REIT—Healthcare Facilities,Real Estate,18.06,18.428571428571427,1.2,50.16216,989934.0,10153322496.0,4.7983975,17106299904.0,12398189.0,0.00298,0.96149004,0.98,0.37,8.084
Henry Schein,HSIC,Medical Distribution,Healthcare,74.25,21.774193548387096,,13.016228,182843.0,9688427520.0,0.76904494,12886905856.0,2375571.0,0.01036,0.99478996,3.41,5.7,1.023
Hershey's,HSY,Confectioners,Consumer Defensive,201.84,23.200000000000003,4.77,19.485409,343872.0,40956985344.0,3.7719223,46102138880.0,3439747.0,0.00189,0.82162005,8.7,10.28,4.246
Hess Corporation,HES,Oil & Gas E&P,Energy,156.64,32.70146137787056,1.75,17.657866,460848.0,47225982976.0,4.48277,55563530240.0,4045332.0,0.09879,0.84418,4.79,8.71,5.274
Hewlett Packard Enterprise,HPE,Communication Equipment,Technology,17.63,21.240963855421686,0.48,8.121494,2321058.0,22296107008.0,0.7518499,33961904128.0,32023061.0,0.00403,0.85016996,0.83,2.14,1.145
Hilton Worldwide,HLT,Lodging,Consumer Cyclical,153.67,32.28361344537815,0.6,21.83913,385618.0,39407546368.0,9.407388,48958791680.0,5506904.0,0.0187,0.97226995,4.76,6.9,11.687
Hologic,HOLX,Medical Instruments & Supplies,Healthcare,70.05,36.295336787564764,,17.541353,438645.0,17143490560.0,4.245225,17209393152.0,5459941.0,0.00732,0.99396,1.93,3.99,4.262
Home Depot (The),HD,Home Improvement Retail,Consumer Cyclical,303.49,18.944444444444446,8.36,18.733725,712723.0,303320236032.0,1.9584715,350189027328.0,9890297.0,0.00087,0.72856003,16.02,16.19,2.261
Honeywell,HON,Conglomerates,Industrials,187.11,23.157178217821784,4.12,18.52137,955823.0,123712536576.0,3.4224842,138942070784.0,5327650.0,0.00121,0.77238,8.08,10.06,3.844
Hormel Foods,HRL,Packaged Foods,Consumer Defensive,38.03,23.76875,1.1,21.652542,354110.0,20943886336.0,1.7173588,23408089088.0,11631389.0,0.47193,0.42431998,1.6,1.77,1.919
Host Hotels & Resorts,HST,REIT—Hotel & Motel,Real Estate,16.42,14.927272727272728,0.72,16.378788,1983090.0,11538674688.0,2.2037194,15832552448.0,39841604.0,0.01116,1.05247,1.1,0.99,3.024
Howmet Aerospace,HWM,Aerospace & Defense,Industrials,46.48,36.59842519685039,0.16,21.88915,350691.0,19128512512.0,3.0867374,22779428864.0,3569943.0,0.00693,0.91367996,1.27,2.12,3.676
HP Inc.,HPQ,Computer Hardware,Technology,25.57,10.974248927038627,1.05,7.553779,2410733.0,25680171008.0,0.46906134,34562031616.0,17619560.0,0.00199,0.80214995,2.33,3.44,0.631
Humana,HUM,Healthcare Plans,Healthcare,495.21,18.443575418994413,3.54,15.359346,231254.0,61090488320.0,0.618782,42152861696.0,2752819.0,0.00168,0.95635,26.85,32.1,0.427
Huntington Bancshares,HBAN,Banks—Regional,Financial Services,10.21,6.587096774193549,0.62,8.255905,4213889.0,15181020160.0,2.096826,22854879232.0,33236697.0,0.00907,0.81543,1.55,1.27,3.157
Huntington Ingalls Industries,HII,Aerospace & Defense,Industrials,205.06,15.629573170731708,4.96,12.437086,28265.0,8235848704.0,0.7556518,10966251520.0,556260.0,0.022780001,0.89207,13.12,16.61,1.006
IBM,IBM,Information Technology Services,Technology,141.58,60.2468085106383,6.64,14.014698,1472292.0,128568459264.0,2.1242208,173056262144.0,28890704.0,0.00091,0.57935,2.35,10.07,2.859
IDEX Corporation,IEX,Specialty Industrial Machinery,Industrials,209.06,26.871465295629818,2.56,24.08339,67971.0,15785860096.0,4.745772,16924582912.0,1502341.0,0.00253,1.01123,7.78,8.67,5.088
Idexx Laboratories,IDXX,Diagnostics & Research,Healthcare,436.98,45.90126050420169,,39.507175,88673.0,36567375872.0,10.406037,37297463296.0,2457818.0,0.00922,0.9132,9.52,11.15,10.614
Illinois Tool Works,ITW,Specialty Industrial Machinery,Industrials,232.05,22.998017839444998,5.6,22.344927,152278.0,69933744128.0,4.3504663,77470670848.0,6849263.0,0.0032499998,0.82373,10.09,10.35,4.819
Illumina,ILMN,Diagnostics & Research,Healthcare,132.35,,,58.125534,464025.0,21778159616.0,4.881901,22440005632.0,5954849.0,0.0027,0.93531996,-27.32,2.35,5.03
Incyte,INCY,Biotechnology,Healthcare,58.61,36.40372670807453,,12.673202,245406.0,13035198464.0,3.7102585,9750155264.0,6475407.0,0.01432,0.99437,1.61,4.59,2.775
Ingersoll Rand,IR,Specialty Industrial Machinery,Industrials,64.27,37.58479532163742,0.08,20.931374,1136267.0,25901758464.0,4.012542,27656953856.0,4263464.0,0.00205,0.98535,1.71,3.06,4.284
Insulet,PODD,Medical Devices,Healthcare,163.86,178.1086956521739,,72.4375,304127.0,11329171456.0,7.7326946,12178588672.0,2880849.0,0.00417,1.06401,0.92,2.24,8.312
Intel,INTC,Semiconductors,Technology,35.18,,0.5,20.224716,8064073.0,149073952768.0,2.7583811,175576842240.0,67255298.0,0.00061,0.64658,-0.23,1.76,3.249
Intercontinental Exchange,ICE,Financial Data & Stock Exchanges,Financial Services,110.82,36.817275747508305,1.68,18.087172,628074.0,62814978048.0,8.531167,77630595072.0,4167313.0,0.01192,0.90931,3.01,6.08,10.543
International Flavors & Fragrances,IFF,Specialty Chemicals,Basic Materials,68.18,,3.24,15.538462,240074.0,17530775552.0,1.4777691,28197122048.0,4654798.0,0.0022200001,0.96209997,-8.63,4.42,2.377
International Paper,IP,Packaging & Containers,Consumer Cyclical,35.35,8.75,1.85,16.256817,596131.0,12374653952.0,0.61148655,17761069056.0,7575150.0,0.0041,0.87582,4.04,2.2,0.878
Interpublic Group of Companies (The),IPG,Advertising Agencies,Communication Services,28.95,12.0625,1.24,9.544555,1027580.0,11132320768.0,1.1903552,14274259968.0,11110372.0,0.0053899996,0.99698997,2.4,3.03,1.526
Intuit,INTU,Software—Application,Technology,512.24,60.69194312796209,3.6,27.771338,393951.0,145000398848.0,10.091899,146587123712.0,3558570.0,0.02881,0.87573,8.44,18.63,10.202
Intuitive Surgical,ISRG,Medical Instruments & Supplies,Healthcare,296.15,74.22305764411027,,45.416283,266103.0,103881621504.0,15.587309,98335088640.0,3072079.0,0.0050700004,0.87578005,3.99,6.51,14.755
Invesco,IVZ,Asset Management,Financial Services,14.47,10.335714285714287,0.8,7.9945946,960897.0,6635104256.0,1.1539111,12174863360.0,11826115.0,0.01663,0.89133,1.4,1.85,2.117
Invitation Homes,INVH,REIT—Residential,Real Estate,31.76,44.111111111111114,1.04,41.848686,653341.0,19544012800.0,8.395184,26853232640.0,12327875.0,0.00318,1.05688,0.72,0.76,11.535
IQVIA,IQV,Diagnostics & Research,Healthcare,197.7,34.745166959578206,,17.162512,396429.0,37385080832.0,2.5464942,48730271744.0,3549559.0,0.0088599995,0.90943,5.69,11.62,3.319
Iron Mountain,IRM,REIT—Specialty,Real Estate,59.87,46.41085271317829,2.6,31.110823,196625.0,17614727168.0,3.3626935,31492296704.0,13520883.0,0.00816,0.79083,1.29,1.94,6.012
J.B. Hunt,JBHT,Integrated Freight & Logistics,Industrials,186.38,22.78484107579462,1.68,20.770674,151317.0,19469164544.0,1.4057066,20770791424.0,3197862.0,0.20959,0.75056,8.18,9.07,1.5
Jack Henry & Associates,JKHY,Information Technology Services,Technology,151.67,30.213147410358566,2.05,27.169641,82968.0,11097075712.0,5.3410335,11375096832.0,2747253.0,0.00728,0.97097,5.02,5.6,5.475
Jacobs Solutions,J,Engineering & Construction,Industrials,135.91,23.392426850258175,1.04,16.2646,89939.0,17182771200.0,1.0776445,20640911360.0,1063684.0,0.00901,0.86474997,5.81,8.39,1.295
Johnson & Johnson,JNJ,Drug Manufacturers—General,Healthcare,156.88,31.821501014198784,4.76,14.334863,1755603.0,376803131392.0,3.8538566,426083352576.0,22255715.0,0.00097000005,0.70794,4.93,10.9,4.358
Johnson Controls,JCI,Building Products & Equipment,Industrials,53.19,17.848993288590602,1.48,13.281095,835855.0,36322283520.0,1.3648837,47464222720.0,4597181.0,0.0025099998,0.93504995,2.98,4.02,1.784
JPMorgan Chase,JPM,Banks—Diversified,Financial Services,147.59,9.485218508997429,4.2,10.019701,1968751.0,428619235328.0,3.1697917,-229513871360.0,20154592.0,0.00885,0.71106005,15.56,14.72,-1.697
Juniper Networks,JNPR,Communication Equipment,Technology,27.84,22.095238095238095,0.88,11.936171,247483.0,9014148096.0,1.5911157,9497665536.0,7986782.0,0.01311,0.9159,1.26,2.35,1.676
Kellogg's,K,Packaged Foods,Consumer Defensive,59.2,23.68,2.4,13.907494,724410.0,20330276864.0,1.2808087,27648923648.0,8200364.0,0.068509996,0.86086,2.5,4.27,1.742
Kenvue,KVUE,Household & Personal Products,Consumer Defensive,20.11,35.910714285714285,0.8,15.603847,10975305.0,39056130048.0,2.5329874,45880528896.0,21437521.0,0.89623,0.048189998,0.56,1.3,2.976
Keurig Dr Pepper,KDP,Beverages—Non-Alcoholic,Consumer Defensive,31.46,27.840707964601773,0.86,16.476562,1521195.0,44202319872.0,3.0344148,58051780608.0,10895489.0,0.31620002,0.58199,1.13,1.92,3.985
KeyCorp,KEY,Banks—Regional,Financial Services,10.52,7.060402684563758,0.82,8.186567,4598799.0,10267031552.0,1.6082443,42424868864.0,45904658.0,0.00327,0.82594,1.49,1.34,6.645
Keysight,KEYS,Scientific & Technical Instruments,Technology,132.64,20.66043613707165,,17.299356,173148.0,23807481856.0,4.2543745,23003502592.0,2320318.0,0.00561,0.89054,6.42,7.75,4.111
Kimberly-Clark,KMB,Household & Personal Products,Consumer Defensive,121.6,25.072164948453608,4.72,17.239716,352264.0,41103003648.0,2.0202007,49039314944.0,6494124.0,0.00248,0.77831,4.85,7.05,2.41
Kimco Realty,KIM,REIT—Retail,Real Estate,17.63,28.901639344262293,0.92,31.166666,984688.0,11012079616.0,6.260531,17863141376.0,22412401.0,0.02242,0.92966,0.61,0.57,10.155
Kinder Morgan,KMI,Oil & Gas Midstream,Energy,16.67,15.018018018018019,1.13,13.789255,4593969.0,37177016320.0,2.1683881,69304885248.0,34693692.0,0.12691,0.64368,1.11,1.21,4.042
KLA Corporation,KLAC,Semiconductor Equipment & Materials,Technology,458.09,18.968530020703934,5.2,17.719238,190221.0,63407452160.0,6.041074,65450070016.0,1979038.0,0.0023,0.91757005,24.15,26.25,6.236
Kraft Heinz,KHC,Packaged Foods,Consumer Defensive,33.75,13.18359375,1.6,11.290969,1367282.0,41467068416.0,1.530376,60756938752.0,17706702.0,0.01385,0.83422,2.56,2.99,2.242
Kroger,KR,Grocery Stores,Consumer Defensive,45.09,20.129464285714285,1.16,10.032366,739323.0,32329656320.0,0.21838756,49903947776.0,21716747.0,0.0070200004,0.81676,2.24,4.48,0.337
L3Harris,LHX,Aerospace & Defense,Industrials,172.34,40.83886255924171,4.56,12.98695,199751.0,32938455040.0,1.8311349,41856126976.0,1564396.0,0.00542,0.83928,4.22,13.41,2.327
LabCorp,LH,Diagnostics & Research,Healthcare,203.26,19.08544600938967,2.88,13.862338,253887.0,18066868224.0,1.214106,22386735104.0,4428178.0,0.0027700001,0.93327004,10.65,14.71,1.504
Lam Research,LRCX,Semiconductor Equipment & Materials,Technology,627.52,18.901204819277105,8.0,17.631666,214176.0,83483648000.0,4.7900605,83028156416.0,2629516.0,0.00298,0.88542,33.2,35.81,4.764
Lamb Weston,LW,Packaged Foods,Consumer Defensive,92.19,13.264748201438849,1.12,15.410386,449467.0,13413415936.0,2.5068994,16742413312.0,3733184.0,0.0039500003,0.88859004,6.95,5.97,3.129
Las Vegas Sands,LVS,Resorts & Casinos,Consumer Cyclical,45.55,650.7142857142857,0.2,15.598993,1627005.0,36011188224.0,5.308253,43799449600.0,10209206.0,0.56793,0.41042998,0.07,2.98,6.456
Leidos,LDOS,Information Technology Services,Technology,92.14,17.926070038910506,1.44,12.544656,92318.0,12733125632.0,0.8579117,17824532480.0,1589750.0,0.009459999,0.77783996,5.14,7.39,1.201
Lennar,LEN,Residential Construction,Consumer Cyclical,114.2,8.287373004354137,1.5,7.815989,459702.0,31535804416.0,0.94306904,33199644672.0,5285355.0,0.02372,0.91168,13.78,14.51,0.993
Linde plc,LIN,Specialty Chemicals,Basic Materials,373.49,32.590750436300176,5.1,24.540184,279537.0,182967058432.0,5.528875,197712904192.0,2572360.0,0.00195,0.86477995,11.46,15.28,5.974
Live Nation Entertainment,LYV,Entertainment,Communication Services,83.69,74.06194690265487,,49.698223,341127.0,19330381824.0,1.0066656,20825300992.0,12630349.0,0.32263002,0.71612,1.13,1.69,1.085
LKQ Corporation,LKQ,Auto Parts,Consumer Cyclical,49.54,13.175531914893618,1.1,11.3918,307004.0,13380474880.0,1.0370854,16719742976.0,4473646.0,0.00525,1.01191,3.76,4.39,1.296
Lockheed Martin,LMT,Aerospace & Defense,Industrials,410.96,15.058995969219493,12.0,14.575842,170727.0,103108526080.0,1.529959,117364654080.0,2386941.0,0.0007,0.76101,27.29,28.09,1.741
Loews Corporation,L,,,63.89,,,21.951723,124442.0,14355902464.0,,,,,,,,
Lowe's,LOW,Home Improvement Retail,Consumer Cyclical,207.78,20.114230396902226,4.4,14.462388,570180.0,120940216320.0,1.297252,156712992768.0,10049300.0,0.00105,0.77134,10.33,14.49,1.681
LyondellBasell,LYB,Specialty Chemicals,Basic Materials,94.54,14.612055641421948,4.88,9.397233,222648.0,30831132672.0,0.7168531,41572605952.0,5779254.0,0.20639999,0.7243,6.47,10.12,0.967
M&T Bank,MTB,Banks—Regional,Financial Services,126.46,7.37806301050175,5.2,8.601211,323214.0,21224876032.0,2.2863312,10171203584.0,3659381.0,0.0058999998,0.84766996,17.14,14.87,1.096
Marathon Oil,MRO,Oil & Gas E&P,Energy,27.41,8.486068111455108,0.4,7.557263,3319563.0,16386861056.0,2.4476268,22373885952.0,12556051.0,0.0040700003,0.79782,3.23,3.58,3.342
Marathon Petroleum,MPC,Oil & Gas Refining & Marketing,Energy,154.43,5.589214621787912,3.0,9.677956,985169.0,60560375808.0,0.38447368,85712912384.0,13306903.0,0.00199,0.78493,27.63,15.65,0.544
MarketAxess,MKTX,Capital Markets,Financial Services,209.43,30.047345767575326,2.88,26.410318,203424.0,8099887104.0,11.049887,7491142144.0,1870775.0,0.01891,1.00742,6.97,8.14,10.219
Marriott International,MAR,Lodging,Consumer Cyclical,199.55,22.573529411764707,2.08,20.63089,537611.0,58760732672.0,9.841021,71246708736.0,6462889.0,0.19506,0.61487997,8.84,9.55,11.932
Marsh McLennan,MMC,Insurance Brokers,Financial Services,193.4,29.39209726443769,2.84,22.336447,250150.0,94444003328.0,4.3740273,109167648768.0,2732091.0,0.0011999999,0.90332,6.58,8.56,5.056
Martin Marietta Materials,MLM,Building Materials,Basic Materials,414.52,26.881971465629054,2.96,20.603533,44083.0,25582303232.0,4.240465,30633181184.0,542914.0,0.0063099996,0.96038,15.42,20.09,5.078
Masco,MAS,Building Products & Equipment,Industrials,54.32,15.005524861878452,1.14,13.685139,480938.0,12220229632.0,1.4842985,15334982656.0,4675264.0,0.00331,0.97113997,3.62,3.97,1.863
Mastercard,MA,Credit Services,Financial Services,399.44,37.43580131208997,2.28,27.506886,1057740.0,376319442944.0,15.952498,385538293760.0,4728753.0,0.10655,0.78761,10.67,14.52,16.343
Match Group,MTCH,Internet Content & Information,Communication Services,39.48,24.370370370370367,,16.427982,779179.0,11101233152.0,3.4557712,14180359168.0,11011147.0,0.00719,1.0009999,1.62,2.43,4.414
McCormick & Company,MKC,Packaged Foods,Consumer Defensive,74.65,28.601532567049812,1.56,25.883957,365684.0,20199149568.0,3.099931,24830873600.0,6620688.0,0.0047,0.87571996,2.61,2.93,3.811
McDonald's,MCD,Restaurants,Consumer Cyclical,265.59,24.455801104972373,6.08,21.149277,621821.0,192043614208.0,7.9376874,240473391104.0,6954874.0,0.00208,0.70419,10.86,12.46,9.939
McKesson,MCK,Medical Distribution,Healthcare,442.04,16.475587029444654,2.48,14.276909,170324.0,59050655744.0,0.20789556,64834248704.0,1827261.0,0.0015199999,0.87679,26.83,30.66,0.228
Medtronic,MDT,Medical Devices,Healthcare,78.69,29.03690036900369,2.76,14.44607,1820308.0,105138479104.0,3.331595,121993699328.0,7594132.0,0.00097000005,0.84526,2.71,5.47,3.866
Merck & Co.,MRK,Drug Manufacturers—General,Healthcare,104.3,85.49180327868852,2.92,12.281473,1187818.0,262404964352.0,4.500094,295245447168.0,13878917.0,0.00089,0.77649003,1.22,8.42,5.063
Meta Platforms,META,Internet Content & Information,Communication Services,303.96,34.85779816513761,,18.318344,9027755.0,786228969472.0,6.5233684,765670129664.0,31459921.0,0.0023,0.76347,8.72,16.68,6.353
MetLife,MET,Insurance—Life,Financial Services,62.9,146.27906976744185,2.08,6.834773,795463.0,47595474944.0,0.6700757,128203210752.0,9670732.0,0.16033001,0.75516,0.43,9.26,1.805
Mettler Toledo,MTD,Diagnostics & Research,Healthcare,1118.24,28.29554655870445,,24.931646,26626.0,24563353600.0,6.2116733,26519367680.0,566666.0,0.01492,0.96785,39.52,45.06,6.706
MGM Resorts,MGM,Resorts & Casinos,Consumer Cyclical,36.64,28.8503937007874,0.01,14.337837,1041854.0,13030261760.0,0.88175154,41479786496.0,11336412.0,0.18394,0.68477,1.27,2.59,2.807
Microchip Technology,MCHP,Semiconductors,Technology,78.61,17.66516853932584,1.48,12.73539,603201.0,42703003648.0,4.872714,48581517312.0,16999882.0,0.02135,0.94604,4.45,6.16,5.543
Micron Technology,MU,Semiconductors,Technology,65.2,,0.46,12.862948,9577124.0,74529685504.0,4.79599,75733000192.0,24973921.0,0.00282,0.84698,-5.11,5.29,4.873
Microsoft,MSFT,Software—Infrastructure,Technology,313.64,32.36738906088751,3.0,25.142992,6828626.0,2359364943872.0,11.133544,2298456047616.0,41145504.0,0.00052,0.73212,9.69,12.63,10.846
Mid-America Apartment Communities,MAA,REIT—Residential,Real Estate,128.94,25.18359375,5.6,27.663832,116057.0,15580557312.0,7.3739214,19506530304.0,3256970.0,0.00658,0.98355,5.12,4.7,9.232
Moderna,MRNA,Biotechnology,Healthcare,100.27,33.989830508474576,,-19.723404,1159908.0,38809067520.0,3.6426756,30871019520.0,18161755.0,0.09685001,0.6948,2.95,-5.17,2.898
Mohawk Industries,MHK,"Furnishings, Fixtures & Appliances",Consumer Cyclical,85.42,,,7.632108,224171.0,5555316736.0,0.49054158,8342784000.0,1808136.0,0.17208,0.80253,-4.89,11.43,0.737
Molina Healthcare,MOH,Healthcare Plans,Healthcare,333.32,20.963522012578615,,14.2327175,39749.0,19325284352.0,0.6070452,13017555968.0,1814423.0,0.01113,0.98663,15.9,23.29,0.409
Molson Coors Beverage Company,TAP,Beverages—Brewers,Consumer Defensive,62.61,329.5263157894737,1.64,12.432353,467735.0,13719383040.0,1.2273997,19766282240.0,6945587.0,0.113529995,0.88125,0.19,5.1,1.768
Mondelez International,MDLZ,Confectioners,Consumer Defensive,69.39,23.053156146179404,1.7,19.754957,1186800.0,94868889600.0,2.779552,113962401792.0,12444708.0,0.00171,0.81678003,3.01,3.53,3.339
Monolithic Power Systems,MPWR,Semiconductors,Technology,451.92,48.54135338345865,4.0,34.194527,126226.0,22088247296.0,11.954953,20657928192.0,1361673.0,0.03217,1.00677,9.31,13.52,11.181
Monster Beverage,MNST,Beverages—Non-Alcoholic,Consumer Defensive,53.16,39.96992481203007,,29.675978,961716.0,55644262400.0,8.316151,52439957504.0,10875577.0,0.2807,0.68112,1.33,1.79,7.837
Moody's Corporation,MCO,Financial Data & Stock Exchanges,Financial Services,318.46,40.985842985842986,3.08,27.961067,129098.0,58632261632.0,10.604497,64167899136.0,1491108.0,0.00219,0.92927,7.77,11.43,11.606
Morgan Stanley,MS,Capital Markets,Financial Services,82.19,14.343804537521814,3.4,11.27572,1390617.0,136202928128.0,2.5605905,-45601914880.0,20528411.0,0.23014,0.63639,5.73,7.29,-0.857
Mosaic Company (The),MOS,Agricultural Inputs,Basic Materials,35.84,5.6000000000000005,0.8,10.614706,559649.0,11991985152.0,0.71261674,15269115904.0,4857111.0,0.00525,0.92864,6.4,3.4,0.907
Motorola Solutions,MSI,Communication Equipment,Technology,274.19,31.157954545454544,3.52,21.94534,114117.0,45596459008.0,4.723064,51619110912.0,820695.0,0.00457,0.86662,8.8,12.44,5.347
MSCI,MSCI,Financial Data & Stock Exchanges,Financial Services,521.5,45.70552147239264,5.52,34.81137,60931.0,41160081408.0,17.513273,44701655040.0,823885.0,0.03098,0.9263,11.41,14.95,19.02
"Nasdaq, Inc.",NDAQ,Financial Data & Stock Exchanges,Financial Services,48.92,21.937219730941706,0.88,16.882353,352739.0,23971307520.0,3.9265041,28985186304.0,5120982.0,0.18796,0.7743,2.23,2.89,4.748
NetApp,NTAP,Computer Hardware,Technology,76.25,13.813405797101451,2.0,12.376623,268462.0,15918226432.0,2.566628,15578326016.0,7452864.0,0.00401,0.94085,5.52,6.16,2.512
Netflix,NFLX,Entertainment,Communication Services,376.36,40.338692390139336,,24.525667,1508946.0,167265845248.0,5.206485,175199420416.0,8726222.0,0.01349,0.83879995,9.33,15.39,5.453
Newmont,NEM,Gold,Basic Materials,37.03,,1.6,10.54131,2881706.0,29378000896.0,2.623973,32491941888.0,28811758.0,0.00115,0.82096,-0.98,3.51,2.902
News Corp (Class A),NWSA,Entertainment,Communication Services,19.98,76.84615384615384,0.2,20.832474,667181.0,11686200320.0,1.1829336,14653016064.0,9736195.0,0.0072500003,1.02437,0.26,0.97,1.483
News Corp (Class B),NWS,Entertainment,Communication Services,20.78,79.92307692307692,0.2,,300338.0,11671405568.0,1.181436,15110153216.0,2431054.0,0.40347,0.41187,0.26,,1.53
NextEra Energy,NEE,Utilities—Regulated Electric,Utilities,57.08,14.093827160493827,1.87,16.96481,6608224.0,117071618048.0,4.3443527,195692593152.0,18338352.0,0.0020299999,0.79910004,4.05,3.41,7.262
"Nike, Inc.",NKE,Footwear & Accessories,Consumer Cyclical,89.63,27.663580246913575,1.36,21.987328,18523658.0,145997398016.0,2.8366084,140377489408.0,16948181.0,0.0139999995,0.83726,3.24,4.34,2.727
NiSource,NI,Utilities—Regulated Gas,Utilities,24.6,17.4468085106383,1.0,14.761905,1914422.0,10490350592.0,1.7931916,24130467840.0,6901306.0,0.0028,0.95142,1.41,1.68,4.125
Nordson Corporation,NDSN,Specialty Industrial Machinery,Industrials,223.07,25.69930875576037,2.72,23.55147,48665.0,12783221760.0,4.9300866,13536299008.0,1246643.0,0.10358,0.76188004,8.68,9.52,5.221
Norfolk Southern Railway,NSC,Railroads,Industrials,197.38,17.765976597659765,5.4,14.618837,145049.0,45101072384.0,3.553504,59915276288.0,2731936.0,0.0013600001,0.76217,11.11,13.59,4.721
Northern Trust,NTRS,Asset Management,Financial Services,69.21,12.403225806451612,3.0,11.0425205,235386.0,14515121152.0,2.1438773,34337159168.0,3249626.0,0.00622,0.86302,5.58,6.35,5.072
Northrop Grumman,NOC,Aerospace & Defense,Industrials,439.5,14.577114427860698,7.48,17.91248,127877.0,66886701056.0,1.7657058,80556220416.0,1380939.0,0.00232,0.8254,30.15,24.68,2.127
Norwegian Cruise Line Holdings,NCLH,Travel Services,Consumer Cyclical,16.94,,,10.689543,9424909.0,6957809152.0,0.9714802,20065054720.0,38262042.0,0.0066000004,0.60036,-2.21,1.53,2.802
NRG Energy,NRG,Utilities—Independent Power Producers,Utilities,38.28,,1.51,5.9128437,405999.0,8929404928.0,0.29339263,21294614528.0,14237983.0,0.01232,1.02511,-8.75,6.54,0.7
Nucor,NUE,Steel,Basic Materials,157.76,7.249999999999999,2.04,12.922003,214873.0,39146356736.0,1.0450747,41676185600.0,5484506.0,0.00625,0.81536,21.76,12.18,1.113
Nvidia,NVDA,Semiconductors,Technology,430.89,104.07971014492755,0.16,26.207064,17253364.0,1081662504960.0,33.097595,1059229270016.0,26040814.0,0.040409997,0.68653,4.14,16.71,32.411
"NVR, Inc.",NVR,Residential Construction,Consumer Cyclical,6061.92,12.690336627030648,,13.263967,5910.0,19701440512.0,1.9470625,18141054976.0,75886.0,0.040960003,0.86675,477.68,455.02,1.793
NXP Semiconductors,NXPI,Semiconductors,Technology,200.53,18.971617786187323,4.06,13.465413,188339.0,51689299968.0,3.922691,59309060096.0,5977311.0,0.00155,0.95068,10.57,14.89,4.501
O'Reilly Auto Parts,ORLY,Specialty Retail,Consumer Cyclical,917.41,25.37786998616874,,21.683361,126528.0,55047163904.0,3.616773,62348439552.0,1074719.0,0.01052,0.87759,36.15,42.13,4.096
Occidental Petroleum,OXY,Oil & Gas E&P,Energy,65.88,11.128378378378377,0.72,12.841176,3545729.0,57937821696.0,1.8371962,87408844800.0,49450588.0,0.0027599998,0.79617,5.92,5.1,2.772
Old Dominion,ODFL,Trucking,Industrials,406.05,35.33942558746736,1.5,31.191698,201590.0,45159370752.0,7.5889506,44393132032.0,2582095.0,0.12722999,0.76434,11.49,13.29,7.46
Omnicom Group,OMC,Advertising Agencies,Communication Services,74.05,10.937961595273265,2.8,9.53265,150218.0,14709160960.0,1.0239725,19139854336.0,9097166.0,0.01413,0.96582,6.77,7.81,1.332
ON Semiconductor,ON,Semiconductors,Technology,94.05,21.08744394618834,,16.433334,792761.0,40421318656.0,4.8407025,41715998720.0,25995400.0,0.00281,1.04244,4.46,5.7,4.996
ONEOK,OKE,Oil & Gas Midstream,Energy,64.89,11.972324723247233,3.82,13.084189,2006962.0,37115183104.0,1.933194,41747619840.0,17705169.0,0.00455,0.70382005,5.42,4.87,2.174
Oracle Corporation,ORCL,Software—Infrastructure,Technology,106.15,31.59226190476191,1.6,17.014423,2058384.0,290839953408.0,5.7069964,368160997376.0,16222757.0,0.42486,0.43608,3.36,6.24,7.224
Organon & Co.,OGN,Drug Manufacturers—General,Healthcare,17.08,5.618421052631579,1.12,3.7810454,991524.0,4435382272.0,0.7190957,12769106944.0,7257237.0,0.00103,0.79765,3.04,4.59,2.07
Otis Worldwide,OTIS,Specialty Industrial Machinery,Industrials,80.47,25.30503144654088,1.36,20.839794,272834.0,33207234560.0,2.3978074,39312121856.0,4574063.0,0.00082,0.88741994,3.18,3.87,2.839
Paccar,PCAR,Farm & Heavy Construction Machinery,Industrials,85.71,12.314655172413792,1.04,12.24785,396466.0,44694597632.0,1.3734097,50909495296.0,6984032.0,0.01771,0.70497,6.96,6.98,1.564
Packaging Corporation of America,PKG,Packaging & Containers,Consumer Cyclical,153.78,16.238648363252373,5.0,19.365458,96248.0,13912563712.0,1.7319909,15926852608.0,1742495.0,0.01579,0.96152997,9.47,7.99,1.983
Palo Alto Networks,PANW,Software—Infrastructure,Technology,235.18,178.16666666666666,,37.169014,612695.0,73294397440.0,10.633626,71503986688.0,21018478.0,0.01222,0.88446,1.32,6.39,10.374
Paramount Global,PARA,Entertainment,Communication Services,12.82,,0.2,10.491129,2575471.0,8590389248.0,0.2870352,24276131840.0,83692597.0,0.05826,0.85007006,-2.48,1.24,0.811
Parker Hannifin,PH,Specialty Industrial Machinery,Industrials,392.43,24.389683032939715,5.92,15.680694,123042.0,50519207936.0,2.6498134,62830665728.0,1117815.0,0.00438,0.85942,16.09,25.08,3.296
Paychex,PAYX,Staffing & Employment Services,Industrials,117.12,26.378378378378375,3.36,23.297,352641.0,42074382336.0,8.271124,41479245824.0,8994121.0,0.1078,0.75711,4.44,5.02,8.154
Paycom,PAYC,Software—Application,Technology,257.46,46.55696202531645,1.5,28.476732,118095.0,15247856640.0,9.789636,14412027904.0,1229242.0,0.15431,0.81406,5.53,9.24,9.253
PayPal,PYPL,Credit Services,Financial Services,58.18,16.48158640226629,,10.406915,3657647.0,64449462272.0,2.25695,65191821312.0,25425256.0,0.00205,0.75814,3.53,5.64,2.283
Pentair,PNR,Specialty Industrial Machinery,Industrials,65.22,21.885906040268456,0.88,15.338445,141323.0,10738123776.0,2.5756454,12841791488.0,3236283.0,0.00472,0.9478,2.98,4.24,3.08
PepsiCo,PEP,Beverages—Non-Alcoholic,Consumer Defensive,169.5,29.68476357267951,4.83,20.880247,1319714.0,232820981760.0,2.5830252,270637416448.0,12835130.0,0.0015700001,0.75955003,5.71,8.1,3.003
Pfizer,PFE,Drug Manufacturers—General,Healthcare,32.09,8.534574468085108,1.64,9.945455,8834161.0,185300418560.0,2.3773837,202341842944.0,49946188.0,0.0004,0.70767,3.76,3.3,2.596
PG&E Corporation,PCG,Utilities—Regulated Electric,Utilities,16.28,18.08888888888889,,12.018518,6830396.0,40582619136.0,1.822873,89205407744.0,29275227.0,0.02842,0.74188006,0.9,1.35,4.007
Philip Morris International,PM,Tobacco,Consumer Defensive,93.05,18.032945736434108,5.2,13.862963,1143917.0,145261150208.0,4.379293,190670716928.0,6129467.0,0.0016,0.78398,5.16,6.75,5.748
Phillips 66,PSX,Oil & Gas Refining & Marketing,Energy,123.38,5.3181034482758625,4.2,8.974055,660413.0,53906563072.0,0.34841368,72938627072.0,9947221.0,0.00503,0.72903,23.2,13.49,0.471
Pinnacle West,PNW,Utilities—Regulated Electric,Utilities,73.47,20.813031161473088,3.46,14.664683,103133.0,8374890496.0,1.8423184,18527371264.0,2394294.0,0.00491,0.91549003,3.53,5.04,4.076
Pioneer Natural Resources,PXD,Oil & Gas E&P,Energy,234.19,9.948598130841122,16.47,9.712077,382284.0,54184300544.0,2.6577868,60080324608.0,3347302.0,0.00693,0.86530995,23.54,23.93,2.947
PNC Financial Services,PNC,Banks—Regional,Financial Services,122.83,8.424554183813443,6.05,10.162041,278247.0,49576775680.0,2.3409564,116714610688.0,6033324.0,0.00389,0.81907,14.58,12.25,5.511
Pool Corporation,POOL,Industrial Distribution,Industrials,353.0,22.671804752729606,4.4,24.1301,92710.0,14087813120.0,2.4392805,15201022976.0,4321767.0,0.02902,1.04112,15.57,14.95,2.632
PPG Industries,PPG,Specialty Chemicals,Basic Materials,130.56,23.439856373429084,2.6,15.560048,168069.0,30819229696.0,1.7212639,37372575744.0,1595789.0,0.00299,0.81753,5.57,8.41,2.087
PPL Corporation,PPL,Utilities—Regulated Electric,Utilities,23.38,24.103092783505154,0.96,13.844117,1678077.0,17347389440.0,2.0027003,31787130880.0,10505576.0,0.00054000004,0.76068,0.97,1.7,3.67
Principal Financial Group,PFG,Asset Management,Financial Services,72.66,11.076219512195122,2.6,9.756685,486667.0,17640361984.0,1.250389,17455005696.0,4198045.0,0.00787,0.75301003,6.56,7.48,1.237
Procter & Gamble,PG,Household & Personal Products,Consumer Defensive,146.34,24.803389830508472,3.76,21.165216,1300597.0,344200216576.0,4.1972566,373253177344.0,14456255.0,0.00113,0.66119003,5.9,6.9,4.552
Progressive Corporation,PGR,Insurance—Property & Casualty,Financial Services,140.41,48.250859106529205,0.4,18.767069,578866.0,82025177088.0,1.4678178,87908892672.0,3740831.0,0.00311,0.87408996,2.91,7.47,1.573
Prologis,PLD,REIT—Industrial,Real Estate,112.13,30.305405405405402,3.48,40.446045,439562.0,103879049216.0,12.948013,136501518336.0,9490439.0,0.00319,0.95456004,3.7,2.78,17.014
Prudential Financial,PRU,Insurance—Life,Financial Services,94.86,17.501845018450183,5.0,7.236298,193695.0,34699714560.0,0.51050013,40740179968.0,4782345.0,0.0014599999,0.59924,5.42,13.21,0.599
Public Service Enterprise Group,PEG,Utilities—Regulated Electric,Utilities,56.66,10.190647482014388,2.28,15.387533,663308.0,28339521536.0,2.4458032,47564632064.0,7451345.0,0.00086000003,0.75447,5.56,3.69,4.105
PTC,PTC,Software—Application,Technology,141.2,54.51737451737451,,28.322771,194942.0,16996683776.0,8.2574,18430795776.0,1408526.0,0.06269,0.90818,2.59,5.05,8.954
Public Storage,PSA,REIT—Industrial,Real Estate,264.28,11.440692640692639,12.0,23.11579,99492.0,46462791680.0,10.508931,57153339392.0,4519389.0,0.101280004,0.82548,23.1,11.4,12.927
PulteGroup,PHM,Residential Construction,Consumer Cyclical,74.77,6.2204658901830285,0.64,6.214821,336752.0,16379373568.0,0.9655305,17119491072.0,11281353.0,0.00719,0.95306,12.02,12.01,1.009
Qorvo,QRVO,Semiconductors,Technology,95.47,,,12.765958,155887.0,9399398400.0,2.9509556,10651450368.0,1942098.0,0.0052,0.90257,-0.1,7.52,3.344
Quanta Services,PWR,Engineering & Construction,Industrials,188.84,48.29667519181586,0.32,22.330154,163482.0,27203035136.0,1.4821464,31593193472.0,3715446.0,0.01354,0.92249,3.91,8.39,1.721
Qualcomm,QCOM,Semiconductors,Technology,111.1,14.541884816753926,3.2,12.137255,1008898.0,124344721408.0,3.2227015,130800599040.0,13238115.0,0.00078,0.76128,7.64,9.18,3.39
Quest Diagnostics,DGX,Diagnostics & Research,Healthcare,123.35,17.85094066570188,2.84,13.553239,214238.0,13857655808.0,1.4605455,18797799424.0,2802356.0,0.00841,0.92871004,6.91,9.11,1.981
Ralph Lauren Corporation,RL,Apparel Manufacturing,Consumer Cyclical,115.39,14.755754475703325,3.0,11.107109,150547.0,7780119040.0,1.2063135,8690616320.0,5115158.0,0.04129,1.1304001,7.82,10.55,1.347
Raymond James,RJF,Capital Markets,Financial Services,100.42,12.647355163727958,1.68,10.369122,51853.0,21178667008.0,1.8968803,11364581376.0,4278526.0,0.097040005,0.77314,7.94,9.78,1.018
RTX Corporation,RTX,Aerospace & Defense,Industrials,72.0,19.09814323607427,2.36,12.911827,1341856.0,104866578432.0,1.4859306,138078994432.0,8927911.0,0.00088,0.80918,3.77,5.58,1.957
Realty Income,O,REIT—Retail,Real Estate,49.364,36.83880597014925,3.07,36.532845,1500235.0,35474837504.0,9.615969,55271301120.0,14777725.0,0.00103,0.82585996,1.34,1.37,14.982
Regency Centers,REG,REIT—Retail,Real Estate,60.11,28.08878504672897,2.6,29.237865,231576.0,10970110976.0,8.537416,14262777856.0,2929523.0,0.00874,1.0154799,2.14,2.06,11.1
Regeneron,REGN,Biotechnology,Healthcare,834.57,22.078571428571433,,19.027988,84463.0,89670279168.0,7.0769234,82204467200.0,1454824.0,0.02542,0.89447,37.8,43.41,6.488
Regions Financial Corporation,RF,Banks—Regional,Financial Services,17.04,7.251063829787233,0.96,7.891538,2077269.0,16365577216.0,2.249564,23417952256.0,26261833.0,0.00238,0.78326,2.35,2.21,3.219
Republic Services,RSG,Waste Management,Industrials,144.445,29.06338028169014,2.14,24.269426,221866.0,45448142848.0,3.1485558,58139541504.0,1623797.0,0.0010800001,0.95205003,4.97,5.92,4.028
ResMed,RMD,Medical Instruments & Supplies,Healthcare,150.05,24.638752052545158,1.92,19.105865,514489.0,22029764608.0,5.216624,23407659008.0,3821466.0,0.01296,0.66795,6.09,7.84,5.543
Revvity,RVTY,Diagnostics & Research,Healthcare,110.25,55.68181818181818,0.28,19.945341,95497.0,13815604224.0,4.869883,16121758720.0,3126337.0,0.00299,0.87556,1.98,5.58,5.683
Robert Half,RHI,Staffing & Employment Services,Industrials,73.2,14.495049504950495,1.92,17.486998,48398.0,7920855552.0,1.1452457,7205315584.0,6360414.0,0.028399998,0.99346,5.05,4.23,1.042
Rockwell Automation,ROK,Specialty Industrial Machinery,Industrials,286.41,23.361337683523658,4.72,21.638618,151593.0,33080829952.0,3.83706,36825477120.0,3214387.0,0.00155,0.82848,12.26,13.31,4.271
"Rollins, Inc.",ROL,Personal Services,Consumer Cyclical,37.65,47.65822784810126,0.52,38.683674,538232.0,18352117760.0,6.39478,19023781888.0,8985463.0,0.50866,0.44299,0.79,0.98,6.629
Roper Technologies,ROP,Software—Application,Technology,487.49,44.51963470319635,2.73,27.214087,59385.0,51953315840.0,8.985198,57223794688.0,807308.0,0.00514,0.96609,10.95,17.89,9.897
Ross Stores,ROST,Apparel Retail,Consumer Cyclical,111.81,23.738853503184714,1.34,19.896673,719261.0,38471983104.0,2.002778,39059132416.0,3386233.0,0.020060001,0.8742,4.71,5.71,2.033
Royal Caribbean Group,RCL,Travel Services,Consumer Cyclical,94.13,,,10.941108,1325836.0,23795908608.0,1.9821343,44582977536.0,19537198.0,0.13187,0.74156,-0.23,8.49,3.714
S&P Global,SPGI,Financial Data & Stock Exchanges,Financial Services,368.53,51.832630098452874,3.6,25.521439,245584.0,117428527104.0,9.737833,131469246464.0,2809624.0,0.002,0.89871,7.11,14.46,10.902
Salesforce,CRM,Software—Application,Technology,203.2,126.21118012422359,,21.857294,1055028.0,199698530304.0,6.038479,199217594368.0,7421208.0,0.03167,0.81093,1.61,9.39,6.024
SBA Communications,SBAC,REIT—Specialty,Real Estate,198.46,42.771551724137936,3.4,33.578594,206181.0,21763307520.0,8.013903,36256862208.0,2738894.0,0.0123000005,0.96797997,4.64,5.98,13.351
Schlumberger,SLB,Oil & Gas Equipment & Services,Energy,60.94,22.32234432234432,1.0,16.043596,3477125.0,83679666176.0,2.6828146,97229078528.0,21901220.0,0.00204,0.83383006,2.73,3.67,3.117
Seagate Technology,STX,Computer Hardware,Technology,65.69,,2.8,15.269141,428499.0,13678476288.0,1.852448,18650662912.0,16108481.0,0.0055199997,0.90032,-2.61,4.31,2.526
Sealed Air,SEE,Packaging & Containers,Consumer Cyclical,32.52,12.365019011406845,0.8,10.181539,244870.0,4798049792.0,0.8667154,9477218304.0,4600867.0,0.00713,0.91637003,2.63,3.25,1.712
Sempra Energy,SRE,Utilities—Diversified,Utilities,67.77,17.200507614213198,2.38,14.201462,958393.0,42808610816.0,2.5230513,76868141056.0,5185237.0,0.00035,0.88148004,3.94,4.79,4.53
ServiceNow,NOW,Software—Application,Technology,553.52,82.00296296296295,,45.99592,289528.0,115037634560.0,14.349213,108714934272.0,2652577.0,0.00227,0.91936994,6.75,12.26,13.561
Sherwin-Williams,SHW,Specialty Chemicals,Basic Materials,256.21,28.404656319290464,2.42,23.818266,259693.0,66393296896.0,2.8915808,77721059328.0,3186561.0,0.08129,0.78362,9.02,10.84,3.385
Simon Property Group,SPG,REIT—Retail,Real Estate,108.83,16.53951367781155,7.6,17.133648,411788.0,40799240192.0,7.505194,60952141824.0,5260300.0,0.009,0.89021003,6.58,6.36,11.212
Skyworks Solutions,SWKS,Semiconductors,Technology,97.89,15.083204930662557,2.72,10.988333,1114334.0,15763169280.0,3.177738,16578739200.0,4115347.0,0.0031299999,0.8337,6.49,9.0,3.342
J.M. Smucker Company (The),SJM,Packaged Foods,Consumer Defensive,124.61,,4.24,12.0625,346023.0,12615221248.0,1.4909142,16520896512.0,5062917.0,0.03597,0.83450997,-0.1,10.24,1.953
Snap-on,SNA,Tools & Accessories,Industrials,257.64,14.289517470881862,6.48,13.579197,33989.0,13609594880.0,2.7250257,14060819456.0,1601574.0,0.01849,0.8851,18.03,18.94,2.815
SolarEdge,SEDG,Solar,Technology,130.74,26.736196319018408,,12.067343,663507.0,7398325760.0,2.0199633,6882222080.0,5312538.0,0.00585,0.93911004,4.89,10.84,1.879
Southern Company,SO,Utilities—Regulated Electric,Utilities,65.07,23.156583629893234,2.76,16.133993,1326693.0,70907559936.0,2.5641906,135436869632.0,10835245.0,0.00156,0.65651,2.81,4.03,4.898
Southwest Airlines,LUV,Airlines,Industrials,27.22,28.354166666666668,0.72,10.534231,1511140.0,16313819136.0,0.6490479,13362150400.0,23906838.0,0.0035899999,0.78028,0.96,2.6,0.532
Stanley Black & Decker,SWK,Tools & Accessories,Industrials,83.76,,3.24,17.762712,1033088.0,12846802944.0,0.79315454,20849649664.0,8725010.0,0.0054699997,0.92404,-0.52,4.72,1.287
Starbucks,SBUX,Restaurants,Consumer Cyclical,91.08,27.76829268292683,2.28,22.426472,1804301.0,104804106240.0,2.9930177,125131235328.0,13960220.0,0.02083,0.73457,3.28,4.08,3.574
State Street Corporation,STT,Asset Management,Financial Services,66.87,9.048714479025712,2.76,9.0,344271.0,21680265216.0,1.7642008,-34912661504.0,5106048.0,0.00399,0.93117994,7.39,7.55,-2.841
Steel Dynamics,STLD,Steel,Basic Materials,105.95,6.134916039374638,1.7,12.333527,282727.0,17671729152.0,0.8640237,18487650304.0,5961907.0,0.06261,0.87055,17.27,8.65,0.904
Steris,STE,Medical Devices,Healthcare,222.19,185.15833333333333,2.08,23.121748,45243.0,21949227008.0,4.31571,24872423424.0,1497129.0,0.0027200002,0.97350997,1.2,9.61,4.89
Stryker Corporation,SYK,Medical Devices,Healthcare,273.41,38.61723163841808,3.0,24.089598,297646.0,104661114880.0,5.379651,115792183296.0,3687908.0,0.06466,0.8033,7.08,11.44,5.952
Synchrony Financial,SYF,Credit Services,Financial Services,30.87,5.49288256227758,0.94,5.7579145,1367136.0,12930219008.0,1.6796855,15168311296.0,14246222.0,0.0059100003,0.99938005,5.62,5.37,1.97
Synopsys,SNPS,Software—Infrastructure,Technology,460.71,67.15889212827987,,36.653545,341812.0,70795100160.0,12.807142,68962459648.0,1596217.0,0.00616,0.94608,6.86,12.7,12.476
Sysco,SYY,Food Distribution,Consumer Defensive,66.52,19.1700288184438,2.0,14.07611,467782.0,33617975296.0,0.44046012,44041543680.0,6980200.0,0.00112,0.85674006,3.47,4.73,0.577
T-Mobile US,TMUS,Telecom Services,Communication Services,139.7,27.828685258964143,,14.21255,634666.0,165198512128.0,2.1023507,274252070912.0,27770768.0,0.54643,0.43245,5.02,9.88,3.49
T. Rowe Price,TROW,Asset Management,Financial Services,104.14,15.520119225037257,4.88,14.015873,368621.0,23766298624.0,3.796412,22719090688.0,17299638.0,0.02031,0.79603,6.71,7.56,3.629
Take-Two Interactive,TTWO,Electronic Gaming & Multimedia,Communication Services,140.2,,,18.26684,212454.0,23949570048.0,4.329122,26417373184.0,4167074.0,0.01842,0.93604,-7.63,7.72,4.775
"Tapestry, Inc.",TPR,Luxury Goods,Consumer Cyclical,28.16,7.202046035805626,1.4,6.383333,767959.0,6581730304.0,0.9881143,8957588480.0,8566540.0,0.00263,0.9632,3.91,4.5,1.345
Targa Resources,TRGP,Oil & Gas Midstream,Energy,87.44,23.76086956521739,2.0,12.726736,315023.0,19275026432.0,1.0804932,33695401984.0,3940834.0,0.01279,0.93117994,3.68,6.77,1.889
Target Corporation,TGT,Discount Stores,Consumer Defensive,109.56,15.070151306740028,4.4,12.42514,1904037.0,51417190400.0,0.47604984,68228493312.0,8502550.0,0.00196,0.81509,7.27,8.95,0.632
TE Connectivity,TEL,Electronic Components,Technology,123.81,19.1656346749226,2.36,16.48276,168777.0,39016341504.0,2.3851535,42090741760.0,2541452.0,0.00164,0.96756,6.46,7.54,2.573
Teledyne Technologies,TDY,Scientific & Technical Instruments,Technology,410.32,25.709273182957393,,19.855284,93305.0,19375904768.0,3.4662967,22308655104.0,460715.0,0.01138,0.92489,15.96,20.73,3.991
Teleflex,TFX,Medical Instruments & Supplies,Healthcare,198.32,25.458279845956355,1.36,13.906732,32036.0,9319022592.0,3.2145922,10697165824.0,1571304.0,0.00226,1.0001999,7.79,14.26,3.69
Teradyne,TER,Semiconductor Equipment & Materials,Technology,99.68,29.491124260355033,0.44,22.0305,275640.0,15573896192.0,5.443753,14761779200.0,4896083.0,0.0061799996,1.06976,3.38,4.59,5.16
"Tesla, Inc.",TSLA,Auto Manufacturers,Consumer Cyclical,246.38,68.43888888888888,,55.438454,59849992.0,797103751168.0,8.477303,765796745216.0,84724119.0,0.13043,0.44206002,3.6,4.52,8.144
Texas Instruments,TXN,Semiconductors,Technology,159.09,19.075539568345324,5.2,20.186075,737315.0,144793337856.0,7.69318,146115362816.0,16928746.0,0.00215,0.88403,8.34,7.9,7.763
Textron,TXT,Aerospace & Defense,Industrials,78.69,18.089655172413796,0.08,13.517153,162018.0,15608985600.0,1.1859128,17805174784.0,6054346.0,0.00472,0.90016,4.35,5.83,1.353
Thermo Fisher Scientific,TMO,Diagnostics & Research,Healthcare,503.02,34.35928961748633,1.4,20.640738,352455.0,196130144256.0,4.506253,225193459712.0,2771728.0,0.00191,0.91797996,14.64,24.62,5.174
TJX Companies,TJX,Apparel Retail,Consumer Cyclical,89.58,26.269794721407624,1.33,21.965687,932139.0,102532456448.0,2.0014925,110504738816.0,9336254.0,0.00092,0.93052,3.41,4.08,2.157
Tractor Supply,TSCO,Specialty Retail,Consumer Cyclical,203.42,20.32167832167832,4.12,18.236185,330443.0,22263205888.0,1.508235,26357635072.0,10773812.0,0.00634,0.95765996,10.01,11.21,1.786
Trane Technologies,TT,Building Products & Equipment,Industrials,204.19,24.870889159561507,3.0,20.956879,281434.0,46620598272.0,2.7723293,51018141696.0,1928998.0,0.00316,0.88008004,8.21,9.74,3.034
TransDigm Group,TDG,Aerospace & Defense,Industrials,848.37,45.464630225080384,,27.254728,38546.0,46909857792.0,7.5139933,63480737792.0,965266.0,0.00415,0.96498,18.66,31.19,10.168
Travelers Companies (The),TRV,Insurance—Property & Casualty,Financial Services,167.62,17.75635593220339,4.0,9.62077,341875.0,37752532992.0,0.9744852,41909313536.0,2888029.0,0.00238,0.84234,9.44,17.14,1.082
Trimble Inc.,TRMB,Scientific & Technical Instruments,Technology,52.41,35.41216216216216,,18.263514,868588.0,13424287744.0,3.677484,16077838336.0,1769199.0,0.00543,0.96172994,1.48,2.94,4.404
Truist,TFC,Banks—Regional,Financial Services,28.23,6.519630484988452,2.08,8.10955,1856286.0,38454263808.0,1.7217814,80649371648.0,12975669.0,0.0029499999,0.74751,4.33,3.56,3.611
Tyler Technologies,TYL,Software—Application,Technology,389.58,99.8923076923077,,45.131733,49636.0,16578889728.0,8.718642,17179981824.0,587859.0,0.00923,0.94598,3.9,8.73,9.035
Tyson Foods,TSN,Farm Products,Consumer Defensive,49.93,53.11702127659575,1.92,16.63158,570614.0,17977114624.0,0.33747166,26498127872.0,6029345.0,0.022850001,0.82563,0.94,3.04,0.497
U.S. Bank,USB,Banks—Regional,Financial Services,32.47,9.044568245125348,1.92,7.882979,2832337.0,51917164544.0,2.1589873,67534389248.0,32047718.0,0.00149,0.77252996,3.59,4.23,2.808
"UDR, Inc.",UDR,REIT—Residential,Real Estate,35.67,26.42222222222222,1.68,74.8125,534679.0,12663015424.0,7.7915792,18330826752.0,4181566.0,0.0053899996,1.03106,1.35,0.48,11.279
Ulta Beauty,ULTA,Specialty Retail,Consumer Cyclical,398.91,15.748519542045008,,14.826182,224137.0,19735744512.0,1.8393673,21129572352.0,1217722.0,0.00149,0.96299005,25.33,27.04,1.969
Union Pacific Corporation,UNP,Railroads,Industrials,204.11,18.657221206581355,5.2,17.612017,536868.0,125048176640.0,5.0493913,158431100928.0,5319377.0,0.0023999999,0.80918,10.94,11.65,6.397
United Airlines Holdings,UAL,Airlines,Industrials,42.31,5.178702570379437,,3.7964444,1865065.0,14008025088.0,0.27529332,30579820544.0,16931967.0,0.00417,0.68565005,8.17,11.25,0.601
United Parcel Service,UPS,Integrated Freight & Logistics,Industrials,155.5,13.49826388888889,6.48,14.979008,1267316.0,134131556352.0,1.3946759,150122954752.0,9779783.0,0.0001,0.72651,11.52,10.48,1.561
United Rentals,URI,Rental & Leasing Services,Industrials,448.22,13.681929181929183,5.92,10.577653,129682.0,30833737728.0,2.3383694,43211669504.0,2718908.0,0.0056,0.94303,32.76,42.69,3.277
UnitedHealth Group,UNH,Healthcare Plans,Healthcare,510.1,22.83348254252462,7.06,18.188307,569615.0,469720006656.0,1.3477756,501621260288.0,6313824.0,0.00271,0.88991,22.34,27.88,1.439
Universal Health Services,UHS,Medical Care Facilities,Healthcare,126.8,13.180873180873181,0.8,11.047868,56583.0,8806983680.0,0.63824904,13943179264.0,1788174.0,0.03727,0.96089,9.62,11.49,1.01
Valero Energy,VLO,Oil & Gas Refining & Marketing,Energy,147.18,5.068181818181818,4.04,9.644967,1137251.0,50748743680.0,0.33440134,60365099008.0,9992544.0,0.0056,0.81136,29.04,14.9,0.398
Ventas,VTR,REIT—Healthcare Facilities,Real Estate,41.75,189.77272727272728,1.8,263.43753,326519.0,16960232448.0,3.9852576,30729142272.0,8411045.0,0.0055299997,0.97253,0.22,0.16,7.221
Verisign,VRSN,Software—Infrastructure,Technology,202.59,29.661786237188874,,25.0239,69875.0,21059448832.0,14.399624,21747269632.0,873700.0,0.00947,0.94277,6.83,8.16,14.87
Verisk,VRSK,Consulting Services,Industrials,240.54,47.16470588235294,1.33,35.822823,217245.0,34600542208.0,13.47793,37665013760.0,5324452.0,0.00777,0.99417996,5.1,6.66,14.672
Verizon,VZ,Telecom Services,Communication Services,32.55,6.51,2.66,6.916136,4759222.0,136946606080.0,1.0144193,315532509184.0,41158568.0,0.00033,0.63936,5.0,4.71,2.337
Vertex Pharmaceuticals,VRTX,Biotechnology,Healthcare,352.5,27.032208588957058,,21.673244,141213.0,90730725376.0,9.545578,80509722624.0,2856047.0,0.0016500001,0.96547997,13.04,16.22,8.47
VF Corporation,VFC,Apparel Manufacturing,Consumer Cyclical,16.59,55.300000000000004,1.2,7.5299153,3043105.0,6851854336.0,0.59908414,13510353920.0,23440766.0,0.0073,0.85462,0.3,2.34,1.181
Viatris,VTRS,Drug Manufacturers—Specialty & Generic,Healthcare,9.81,6.411764705882353,0.48,3.4825785,1585557.0,11989302272.0,0.76845145,29903013888.0,34978579.0,0.0032499998,0.78192,1.53,2.87,1.917
Vici Properties,VICI,REIT—Diversified,Real Estate,29.47,13.156249999999998,1.66,11.394942,2618068.0,29678297088.0,8.877295,46945091584.0,18863167.0,0.00422,1.01099,2.24,2.57,14.042
Visa Inc.,V,Credit Services,Financial Services,231.66,29.398477157360407,1.8,23.532995,1479937.0,482097659904.0,15.145539,475359936512.0,31546596.0,0.00122,0.99439,7.88,9.85,14.934
Vulcan Materials Company,VMC,Building Materials,Basic Materials,205.03,37.346083788706736,1.72,25.143034,130094.0,27092707328.0,3.573293,31604150272.0,1593175.0,0.0017200001,0.91776,5.49,8.11,4.168
Wabtec,WAB,Railroads,Industrials,107.37,28.632,0.66,16.83595,94903.0,19210797056.0,2.1373827,23619223552.0,1992003.0,0.01039,0.93716,3.75,6.37,2.628
Walgreens Boots Alliance,WBA,Pharmaceutical Retailers,Healthcare,20.9,,1.92,5.8970976,12411113.0,19293884416.0,0.14175422,62949163008.0,49236000.0,0.1719,0.61095,-3.84,3.74,0.462
Walmart,WMT,Discount Stores,Consumer Defensive,162.54,31.257692307692306,2.28,22.726376,1321615.0,433691066368.0,0.687532,496462790656.0,15716594.0,0.47239,0.33532003,5.2,7.09,0.787
Warner Bros. Discovery,WBD,Entertainment,Communication Services,10.69,,,47.43478,6740568.0,26591815680.0,0.63481617,71579639808.0,97529179.0,0.092159994,0.60999,-2.77,0.23,1.709
Waste Management,WM,Waste Management,Industrials,154.44,27.77697841726619,2.8,23.02099,342751.0,62196813824.0,3.1065788,77800382464.0,4092527.0,0.0019400001,0.84174,5.56,6.67,3.886
Waters Corporation,WAT,Diagnostics & Research,Healthcare,275.35,24.04803493449782,,20.62388,58172.0,16333676544.0,5.458542,18672537600.0,3623071.0,0.0032600001,0.94403,11.45,13.37,6.24
WEC Energy Group,WEC,Utilities—Regulated Electric,Utilities,79.88,18.707259953161593,3.07,16.371952,362611.0,25408290816.0,2.7381098,43568312320.0,3998127.0,0.00139,0.7639,4.27,4.92,4.695
Wells Fargo,WFC,Banks—Diversified,Financial Services,40.91,10.33080808080808,1.4,8.580042,2456932.0,150997843968.0,1.9969561,85316214784.0,30739106.0,0.00093000004,0.76403,3.96,4.81,1.128
Welltower,WELL,REIT—Healthcare Facilities,Real Estate,80.46,309.46153846153845,2.44,75.62385,1467259.0,42758832128.0,6.9222302,56930324480.0,11720949.0,0.00058,0.98845,0.26,1.09,9.216
West Pharmaceutical Services,WST,Medical Instruments & Supplies,Healthcare,379.08,55.259475218658885,0.76,42.89411,38172.0,27975299072.0,9.761096,27514308608.0,885191.0,0.00537,0.96212,6.86,8.83,9.6
Western Digital,WDC,Computer Hardware,Technology,45.8,,,12.873596,624537.0,14752494592.0,1.1976372,20949835776.0,7911374.0,0.00212,0.88601995,-5.59,3.56,1.701
WestRock,WRK,Packaging & Containers,Consumer Cyclical,36.19,,1.1,13.866413,1031945.0,9315122176.0,0.44947827,18738550784.0,5666975.0,0.00676,0.91414,-5.55,2.62,0.904
Weyerhaeuser,WY,REIT—Specialty,Real Estate,30.51,31.781250000000004,0.76,22.865671,648578.0,22390118400.0,2.8068345,27017121792.0,10088586.0,0.00232,0.85747004,0.96,1.34,3.387
Whirlpool Corporation,WHR,"Furnishings, Fixtures & Appliances",Consumer Cyclical,133.15,,7.0,7.7926264,77083.0,7415751680.0,0.38728598,14468985856.0,5513239.0,0.01133,0.94857,-28.43,17.36,0.756
Williams Companies,WMB,Oil & Gas Midstream,Energy,34.41,15.4304932735426,1.79,18.43989,1757522.0,41048088576.0,3.809921,68280061952.0,24815956.0,0.00356,0.87527,2.23,1.83,6.337
Willis Towers Watson,WTW,Insurance Brokers,Financial Services,211.88,21.598369011213045,3.36,13.292561,83509.0,22098786304.0,2.4343233,26876874752.0,702988.0,0.00435,0.93988,9.81,15.86,2.961
W. W. Grainger,GWW,Industrial Distribution,Industrials,698.85,20.16301211771495,7.44,18.132296,40345.0,34950627328.0,2.1820958,37502115840.0,1075775.0,0.09774999,0.74232,34.66,38.55,2.341
Wynn Resorts,WYNN,Resorts & Casinos,Consumer Cyclical,91.37,,1.0,19.133673,445514.0,10682068992.0,2.1737323,19268188160.0,7589320.0,0.1517,0.67173,-0.16,4.9,3.921
Xcel Energy,XEL,Utilities—Regulated Electric,Utilities,56.87,18.053968253968254,2.08,15.974931,810609.0,31630415872.0,2.0758953,57894666240.0,7689714.0,0.00161,0.81954,3.15,3.59,3.8
Xylem Inc.,XYL,Specialty Industrial Machinery,Industrials,91.05,48.68983957219251,1.32,22.81,445546.0,21973235712.0,3.6283414,23834437632.0,4113643.0,0.00285,0.76702005,1.87,4.0,3.936
Yum! Brands,YUM,Restaurants,Consumer Cyclical,124.08,25.066666666666666,2.42,21.047297,409073.0,34914291712.0,4.994177,46610616320.0,3737136.0,0.001,0.8057,4.95,5.92,6.667
Zebra Technologies,ZBRA,Communication Equipment,Technology,236.87,18.109327217125383,,20.29005,81018.0,12354072576.0,2.2461948,14492518400.0,1257342.0,0.00595,0.91193,13.08,11.86,2.635
Zimmer Biomet,ZBH,Medical Devices,Healthcare,112.46,46.858333333333334,0.96,14.134328,364555.0,23746668544.0,3.300211,29104906240.0,2234852.0,0.00104,0.90281,2.4,8.04,4.045
Zions Bancorporation,ZION,Banks—Regional,Financial Services,33.95,5.987654320987655,1.64,8.275,808565.0,5271369216.0,1.6922534,8828527616.0,11754016.0,0.01631,0.84742,5.67,4.3,2.834
Zoetis,ZTS,Drug Manufacturers—Specialty & Generic,Healthcare,174.01,36.63368421052631,1.5,28.683084,222724.0,80408166400.0,9.779635,85155741696.0,3493285.0,0.002,0.9462,4.75,6.09,10.357
